row,merchant_id,merchant_name,segmentation
3,,,Top 20%
4,,,T20
5,,,T20
6,,,T20
7,,,T20 (T3 - C3)
8,,,T20
9,,,T20 (T3 - C3)
10,,,T20
11,,,T20
12,,,T20
13,,,T20
14,,,T20
15,,,T20
16,,,T20
17,,,T20
18,,,T20
19,,,T20
20,,,T20 (T3 - C2)
21,,,T20
22,,,T20 (T3 - B2)
23,,,T20 (T3 - B3)
24,,,T20 (T3 - C2)
25,,,T20 (T3 - C2)
26,,,T20
27,,,T20
28,,,T20
29,,,T20 (T3 - C1)
30,,,T20
31,,,T20 (T3 - C3)
32,,,T20 (T3 - B2)
33,,,T20
34,,,T20
35,,,T20 (T3 - C3)
36,,,T20 (T3 - C1)
37,,,T20 (T3 - B2)
38,,,T20 (T3 - C3)
39,,,T20
40,,,T20 (T3 - C3)
41,,,T20
42,,,T20
43,,,T20 (T3 - C1)
44,,,T20
45,,,T20
46,,,T20 (T3 - A1)
47,,,T20
48,,,T20 (T3 - C2)
49,,,T20
50,,,T20 (T3 - C3)
51,,,T20
52,,,T20
53,,,T20
54,,,T20 (T3 - B1)
55,,,T20
56,,,T20
57,,,T20 (T3 - A1)
58,,,T20
59,,,T20 (T3 - C1)
60,,,T20
61,,,T20 (T3 - B3)
62,,,T20
63,,,T20 (T3 - C2)
64,,,T20
65,,,T20
66,,,T20
67,,,T20 (T3 - B3)
68,,,T20
69,,,T20 (T3 - B2)
70,,,T20
71,,,T20
72,,,T20
73,,,T20
74,,,T20
75,,,T20
76,,,T20 (T3 - A1)
77,,,T20
78,,,T20
79,,,T20 (T3 - B1)
80,,,T20
81,,,T20
82,,,T20
83,,,T20
84,,,T20
85,,,T20
86,,,T20 (T3 - B3)
87,,,T20
88,,,T20
89,,,T20
90,,,T20
91,,,T20
92,,,T20
93,,,T20 (T3 - C2)
94,,,T20 (T3 - C2)
95,,,T20
96,,,T20
97,,,T20
98,,,T20
99,,,T20
100,,,T20 (T3 - C3)
101,,,T20 (T3 - C2)
102,,,T20 (T3 - A1)
103,,,T20 (T3 - B2)
104,,,T20
105,,,T20
106,,,T20
107,,,T20
108,,,T20 (T3 - C2)
109,,,T20
110,,,T20 (T3 - B1)
111,,,T20 (T3 - C1)
112,,,T20 (T3 - A2)
113,,,T20 (T3 - A2)
114,,,T20 (T3 - C3)
115,,,T20 (T3 - B2)
116,,,T20
117,,,T20
118,,,T20
119,,,T20 (T3 - C1)
120,,,T20 (T3 - C1)
121,,,T20 (T3 - B2)
122,,,T20
123,,,T20
124,,,T20
125,,,T20 (T3 - A1)
126,,,T20 (T3 - A2)
127,,,T20 (T3 - C2)
128,,,T20
129,,,T20 (T3 - B2)
130,,,T20
131,,,T20
132,,,T20
133,,,T20 (T3 - A2)
134,,,T20 (T3 - C3)
135,,,T20 (T3 - B3)
136,,,T20 (T3 - B3)
137,,,No
138,,,T20
139,,,T20
140,,,T20
141,,,T20 (T3 - A2)
142,,,T20 (T3 - A2)
143,,,T20 (T3 - A1)
144,,,No
145,,,T20
146,,,T20
147,,,T20
148,,,T20 (T3 - A2)
149,,,T20
150,,,T20
151,,,T20
152,,,T20
153,,,T20
154,,,T20 (T3 - A1)
155,,,T20 (T3 - B1)
156,,,T20
157,,,T20 (T3 - C1)
158,,,T20 (T3 - C1)
159,,,T20 (T3 - A3)
160,,,T20 (T3 - C3)
161,,,T20 (T3 - B3)
162,,,T20 (T3 - C2)
163,,,T20 (T3 - A1)
164,,,T20 (T3 - C2)
165,,,T20 (T3 - C1)
166,,,T20
167,,,T20
168,,,T20
169,,,T20
170,,,T20
171,,,T20
172,,,T20 (T3 - B2)
173,,,T20
174,,,T20
175,,,T20
176,,,T20
177,,,T20 (T3 - B1)
178,,,T20 (T3 - A1)
179,,,No
180,,,T20 (T3 - C1)
181,,,T20
182,,,T20
183,,,T20 (T3 - B2)
184,,,T20 (T3 - B2)
185,,,T20
186,,,T20
187,,,T20
188,,,T20 (T3 - C1)
189,,,T20 (T3 - B2)
190,,,T20
191,,,T20
192,,,T20 (T3 - A2)
193,,,T20 (T3 - C1)
194,,,T20
195,,,T20 (T3 - A2)
196,,,T20 (T3 - C1)
197,,,T20
198,,,T20
199,,,T20 (T3 - A1)
200,,,T20
201,,,T20
202,,,T20
203,,,T20
204,,,T20
205,,,T20
206,,,T20
207,,,T20
208,,,T20
209,,,T20
210,,,T20
211,,,T20
212,,,T20 (T3 - B2)
213,,,T20
214,,,T20
215,,,T20
216,,,T20 (T3 - A1)
217,,,T20 (T3 - A3)
218,,,T20 (T3 - B2)
219,,,T20 (T3 - C2)
220,,,No
221,,,T20
222,,,T20 (T3 - B2)
223,,,T20
224,,,T20
225,,,T20 (T3 - A2)
226,,,T20
227,,,T20 (T3 - B1)
228,,,T20 (T3 - A3)
229,,,T20 (T3 - A2)
230,,,T20
231,,,T20
232,,,T20
233,,,T20
234,,,T20
235,,,T20
236,,,T20
237,,,T20
238,,,T20
239,,,T20
240,,,T20 (T3 - B3)
241,,,T20 (T3 - C2)
242,,,T20
243,,,T20
244,,,T20
245,,,T20
246,,,T20
247,,,T20 (T3 - B3)
248,,,No
249,,,No
250,,,T20
251,,,T20 (T3 - C2)
252,,,T20 (T3 - C1)
253,,,T20 (T3 - A1)
254,,,T20
255,,,T20
256,,,T20
257,,,T20
258,,,T20
259,,,T20
260,,,T20
261,,,No
262,,,T20
263,,,T20 (T3 - C2)
264,,,T20 (T3 - A2)
265,,,T20
266,,,T20 (T3 - A1)
267,,,T20
268,,,T20 (T3 - A1)
269,,,T20 (T3 - A2)
270,,,T20
271,,,T20
272,,,T20 (T3 - B2)
273,,,T20
274,,,T20
275,,,T20 (T3 - C3)
276,,,T20
277,,,T20
278,,,T20
279,,,T20
280,,,T20 (T3 - C1)
281,,,T20
282,,,T20 (T3 - B3)
283,,,T20 (T3 - A1)
284,,,T20
285,,,T20
286,,,T20
287,,,T20
288,,,T20
289,,,T20 (T3 - C2)
290,,,T20
291,,,No
292,,,T20
293,,,T20 (T3 - A1)
294,,,T20 (T3 - B1)
295,,,T20
296,,,T20
297,,,T20
298,,,T20 (T3 - A2)
299,,,T20 (T3 - A1)
300,,,T20
301,,,T20
302,,,T20
303,,,T20
304,,,T20
305,,,T20
306,,,T20 (T3 - A1)
307,,,T20
308,,,T20
309,,,T20
310,,,T20
311,,,T20
312,,,T20 (T3 - A1)
313,,,T20
314,,,T20 (T3 - A2)
315,,,T20
316,,,T20
317,,,T20
318,,,T20 (T3 - A2)
319,,,T20 (T3 - B1)
320,,,T20 (T3 - A1)
321,,,T20
322,,,T20
323,,,T20
324,,,T20
325,,,T20 (T3 - B1)
326,,,T20
327,,,T20
328,,,No
329,,,T20
330,,,T20 (T3 - A2)
331,,,T20 (T3 - A1)
332,,,T20 (T3 - A2)
333,,,T20
334,,,T20 (T3 - A2)
335,,,T20
336,,,T20
337,,,T20 (T3 - A2)
338,,,No
339,,,T20
340,,,T20
341,,,T20
342,,,T20
343,,,T20
344,,,T20 (T3 - B3)
345,,,T20
346,,,No
347,,,T20
348,,,T20
349,,,T20
350,,,T20
351,,,T20
352,,,T20
353,,,T20
354,,,T20 (T3 - B1)
355,,,T20
356,,,T20
357,,,T20
358,,,T20 (T3 - B2)
359,,,T20 (T3 - A2)
360,,,T20
361,,,T20
362,,,T20
363,,,T20
364,,,T20 (T3 - A2)
365,,,T20 (T3 - A2)
366,,,T20
367,,,T20
368,,,T20
369,,,T20
370,,,T20
371,,,T20 (T3 - A1)
372,,,T20 (T3 - A1)
373,,,T20
374,,,T20
375,,,T20 (T3 - B3)
376,,,T20
377,,,T20
378,,,T20 (T3 - B1)
379,,,T20
380,,,T20 (T3 - B2)
381,,,T20
382,,,T20 (T3 - B1)
383,,,T20 (T3 - B1)
384,,,T20
385,,,T20
386,,,T20 (T3 - A1)
387,,,No
388,,,T20
389,,,T20 (T3 - B1)
390,,,T20
391,,,T20
392,,,T20
393,,,T20 (T3 - A1)
394,,,T20 (T3 - B1)
395,,,T20
396,,,T20 (T3 - B2)
397,,,T20 (T3 - B3)
398,,,T20 (T3 - A1)
399,,,T20
400,,,T20
401,,,T20
402,,,T20
403,,,T20
404,,,T20
405,,,T20
406,,,T20
407,,,T20
408,,,T20
409,,,T20
410,,,T20 (T3 - B1)
411,,,T20
412,,,T20
413,,,T20
414,,,T20 (T3 - A2)
415,,,T20 (T3 - A1)
416,,,T20
417,,,No
418,,,T20 (T3 - B2)
419,,,T20
420,,,No
421,,,T20
422,,,T20
423,,,T20
424,,,T20 (T3 - B2)
425,,,T20
426,,,No
427,,,T20
428,,,T20
429,,,T20
430,,,T20
431,,,T20
432,,,T20
433,,,T20 (T3 - C2)
434,,,T20
435,,,No
436,,,T20
437,,,T20
438,,,T20
439,,,T20 (T3 - A2)
440,,,T20
441,,,No
442,,,T20 (T3 - A2)
443,,,No
444,,,T20
445,,,T20
446,,,T20
447,,,T20
448,,,T20
449,,,T20
450,,,No
451,,,T20
452,,,T20 (T3 - B2)
453,,,T20 (T3 - C2)
454,,,T20 (T3 - A3)
455,,,T20
456,,,T20
457,,,T20
458,,,T20
459,,,T20
460,,,T20 (T3 - C1)
461,,,T20
462,,,T20
463,,,T20 (T3 - A2)
464,,,T20 (T3 - A1)
465,,,T20 (T3 - B1)
466,,,T20 (T3 - B3)
467,,,T20
468,,,T20
469,,,T20
470,,,T20
471,,,T20
472,,,T20
473,,,T20
474,,,No
475,,,T20
476,,,T20
477,,,T20
478,,,T20 (T3 - B3)
479,,,T20
480,,,T20
481,,,T20
482,,,T20
483,,,T20 (T3 - A1)
484,,,T20
485,,,T20
486,,,T20
487,,,T20
488,,,T20
489,,,T20
490,,,T20
491,,,T20
492,,,T20
493,,,T20
494,,,T20
495,,,T20
496,,,T20
497,,,T20 (T3 - A2)
498,,,No
499,,,No
500,,,T20 (T3 - A1)
501,,,T20
502,,,T20
503,,,T20
504,,,T20
505,,,T20
506,,,T20
507,,,T20
508,,,T20
509,,,T20
510,,,T20 (T3 - A1)
511,,,T20
512,,,T20 (T3 - A2)
513,,,T20
514,,,No
515,,,No
516,,,T20
517,,,T20
518,,,T20
519,,,T20
520,,,T20
521,,,T20 (T3 - A1)
522,,,T20
523,,,T20
524,,,T20 (T3 - A2)
525,,,T20
526,,,T20
527,,,T20
528,,,T20
529,,,T20
530,,,T20
531,,,T20
532,,,T20 (T3 - A1)
533,,,T20
534,,,T20 (T3 - A2)
535,,,T20
536,,,T20
537,,,T20
538,,,T20
539,,,No
540,,,T20
541,,,T20
542,,,T20
543,,,T20
544,,,No
545,,,T20
546,,,T20
547,,,T20
548,,,T20
549,,,T20
550,,,T20
551,,,T20
552,,,T20
553,,,T20
554,,,T20
555,,,T20
556,,,T20
557,,,T20
558,,,T20
559,,,T20
560,,,T20
561,,,T20
562,,,T20
563,,,T20
564,,,T20
565,,,T20
566,,,T20
567,,,T20
568,,,T20 (T3 - C1)
569,,,No
570,,,T20
571,,,T20
572,,,T20
573,,,T20
574,,,T20
575,,,T20
576,,,T20
577,,,T20
578,,,No
579,,,T20
580,,,No
581,,,No
582,,,T20
583,,,T20
584,,,T20
585,,,T20
586,,,T20
587,,,T20
588,,,No
589,,,T20
590,,,T20
591,,,T20
592,,,T20
593,,,T20
594,,,T20 (T3 - A2)
595,,,T20
596,,,T20
597,,,T20
598,,,T20
599,,,T20 (T3 - A1)
600,,,T20
601,,,T20
602,,,T20 (T3 - A2)
603,,,T20
604,,,T20
605,,,T20
606,,,T20
607,,,T20
608,,,No
609,,,T20
610,,,T20
611,,,T20
612,,,T20
613,,,No
614,,,T20
615,,,T20
616,,,T20
617,,,No
618,,,T20
619,,,T20
620,,,T20 (T3 - B1)
621,,,T20
622,,,T20
623,,,T20
624,,,T20
625,,,T20
626,,,No
627,,,T20
628,,,T20
629,,,T20 (T3 - A1)
630,,,T20
631,,,No
632,,,T20
633,,,T20
634,,,No
635,,,T20
636,,,T20
637,,,T20 (T3 - A1)
638,,,T20
639,,,T20
640,,,T20
641,,,T20
642,,,T20
643,,,T20
644,,,T20
645,,,T20
646,,,T20
647,,,T20
648,,,T20
649,,,T20
650,,,T20
651,,,T20
652,,,T20
653,,,No
654,,,No
655,,,T20
656,,,T20
657,,,T20
658,,,T20 (T3 - A1)
659,,,T20
660,,,T20
661,,,T20
662,,,T20
663,,,T20
664,,,T20 (T3 - A2)
665,,,T20 (T3 - B1)
666,,,T20
667,,,T20
668,,,T20
669,,,T20
670,,,No
671,,,T20
672,,,T20
673,,,T20
674,,,No
675,,,T20
676,,,T20
677,,,T20
678,,,T20
679,,,T20
680,,,T20
681,,,T20
682,,,T20 (T3 - B2)
683,,,T20
684,,,T20
685,,,T20
686,,,T20
687,,,T20
688,,,No
689,,,T20
690,,,T20
691,,,T20
692,,,T20
693,,,T20
694,,,T20
695,,,T20
696,,,T20 (T3 - B2)
697,,,T20
698,,,T20 (T3 - A1)
699,,,T20
700,,,T20
701,,,T20
702,,,T20
703,,,T20
704,,,T20
705,,,T20
706,,,T20
707,,,T20
708,,,T20
709,,,T20
710,,,T20
711,,,No
712,,,T20
713,,,T20
714,,,T20
715,,,T20
716,,,No
717,,,T20
718,,,T20
719,,,T20
720,,,T20
721,,,T20
722,,,T20
723,,,No
724,,,T20
725,,,T20
726,,,T20
727,,,T20
728,,,T20
729,,,T20 (T3 - A2)
730,,,T20
731,,,T20
732,,,T20
733,,,T20
734,,,No
735,,,T20
736,,,T20
737,,,T20
738,,,T20
739,,,T20
740,,,T20
741,,,T20
742,,,T20
743,,,T20
744,,,T20
745,,,T20
746,,,T20
747,,,No
748,,,T20
749,,,T20
750,,,T20
751,,,T20
752,,,No
753,,,T20
754,,,T20
755,,,T20
756,,,No
757,,,T20
758,,,T20
759,,,T20
760,,,T20
761,,,No
762,,,No
763,,,T20
764,,,T20
765,,,T20
766,,,T20
767,,,T20
768,,,T20
769,,,T20
770,,,T20
771,,,No
772,,,T20
773,,,T20
774,,,T20
775,,,T20
776,,,T20
777,,,No
778,,,T20
779,,,T20
780,,,T20
781,,,T20
782,,,T20
783,,,T20
784,,,T20 (T3 - B1)
785,,,T20
786,,,T20
787,,,T20
788,,,T20
789,,,T20
790,,,T20
791,,,T20
792,,,No
793,,,T20
794,,,T20
795,,,T20
796,,,No
797,,,No
798,,,T20
799,,,T20
800,,,T20
801,,,T20
802,,,No
803,,,T20
804,,,T20
805,,,No
806,,,T20
807,,,T20
808,,,T20
809,,,T20
810,,,T20
811,,,T20
812,,,T20
813,,,T20 (T3 - A2)
814,,,T20
815,,,T20
816,,,T20
817,,,T20
818,,,T20
819,,,T20
820,,,No
821,,,T20
822,,,T20
823,,,T20
824,,,T20
825,,,No
826,,,T20
827,,,T20
828,,,T20
829,,,T20
830,,,T20
831,,,T20
832,,,T20
833,,,T20
834,,,T20
835,,,T20
836,,,T20
837,,,T20
838,,,T20
839,,,T20
840,,,T20
841,,,No
842,,,T20
843,,,No
844,,,T20
845,,,T20
846,,,No
847,,,T20
848,,,T20
849,,,T20
850,,,T20
851,,,T20
852,,,T20
853,,,T20
854,,,No
855,,,T20
856,,,T20
857,,,T20
858,,,T20
859,,,T20
860,,,T20
861,,,T20
862,,,T20
863,,,T20
864,,,T20
865,,,T20
866,,,No
867,,,T20
868,,,No
869,,,T20
870,,,T20
871,,,T20
872,,,T20
873,,,T20
874,,,T20
875,,,T20
876,,,No
877,,,T20
878,,,No
879,,,No
880,,,T20
881,,,T20
882,,,T20
883,,,T20
884,,,No
885,,,T20
886,,,T20
887,,,T20
888,,,No
889,,,T20
890,,,T20
891,,,No
892,,,T20
893,,,T20
894,,,T20
895,,,T20
896,,,T20
897,,,No
898,,,T20
899,,,T20 (T3 - A1)
900,,,T20
901,,,No
902,,,T20
903,,,T20
904,,,T20
905,,,T20
906,,,T20
907,,,T20
908,,,T20
909,,,T20
910,,,No
911,,,T20
912,,,T20
913,,,T20
914,,,T20
915,,,T20
916,,,T20
917,,,No
918,,,T20
919,,,No
920,,,T20
921,,,T20
922,,,T20
923,,,T20
924,,,No
925,,,T20
926,,,T20
927,,,T20
928,,,T20
929,,,No
930,,,T20
931,,,No
932,,,T20
933,,,T20
934,,,No
935,,,No
936,,,No
937,,,T20
938,,,No
939,,,T20
940,,,T20
941,,,T20
942,,,T20
943,,,T20
944,,,T20
945,,,No
946,,,No
947,,,T20
948,,,T20
949,,,T20
950,,,No
951,,,T20
952,,,No
953,,,No
954,,,No
955,,,T20
956,,,T20
957,,,No
958,,,T20
959,,,No
960,,,T20
961,,,T20
962,,,T20
963,,,T20
964,,,T20
965,,,T20
966,,,T20
967,,,T20
968,,,No
969,,,T20
970,,,T20
971,,,T20
972,,,No
973,,,T20
974,,,T20
975,,,T20
976,,,T20
977,,,T20
978,,,T20
979,,,T20
980,,,T20
981,,,T20
982,,,T20
983,,,T20
984,,,No
985,,,No
986,,,T20
987,,,T20
988,,,T20
989,,,No
990,,,T20
991,,,T20
992,,,T20
993,,,No
994,,,T20
995,,,T20
996,,,T20
997,,,No
998,,,T20
999,,,No
1000,,,T20
1001,,,T20
1002,,,T20
1003,,,No
1004,,,No
1005,,,T20
1006,,,T20
1007,,,T20
1008,,,No
1009,,,T20
1010,,,T20
1011,,,No
1012,,,No
1013,,,T20
1014,,,T20 (T3 - A1)
1015,,,T20
1016,,,T20
1017,,,No
1018,,,No
1019,,,T20
1020,,,T20
1021,,,T20
1022,,,T20
1023,,,T20
1024,,,T20
1025,,,No
1026,,,T20
1027,,,No
1028,,,T20
1029,,,T20
1030,,,T20
1031,,,T20
1032,,,T20
1033,,,No
1034,,,T20
1035,,,T20
1036,,,T20
1037,,,No
1038,,,No
1039,,,T20
1040,,,T20
1041,,,T20
1042,,,No
1043,,,T20
1044,,,T20
1045,,,No
1046,,,T20
1047,,,T20
1048,,,T20
1049,,,T20
1050,,,T20
1051,,,T20
1052,,,T20
1053,,,T20
1054,,,No
1055,,,No
1056,,,T20
1057,,,No
1058,,,T20
1059,,,No
1060,,,T20
1061,,,T20
1062,,,No
1063,,,T20
1064,,,T20
1065,,,T20
1066,,,T20
1067,,,T20
1068,,,No
1069,,,T20
1070,,,T20
1071,,,T20
1072,,,T20
1073,,,T20
1074,,,No
1075,,,T20
1076,,,T20
1077,,,T20
1078,,,T20
1079,,,No
1080,,,T20
1081,,,T20
1082,,,T20
1083,,,T20
1084,,,T20
1085,,,No
1086,,,T20
1087,,,T20
1088,,,T20
1089,,,T20
1090,,,No
1091,,,T20
1092,,,T20
1093,,,No
1094,,,No
1095,,,No
1096,,,T20
1097,,,T20
1098,,,No
1099,,,T20
1100,,,No
1101,,,T20
1102,,,T20
1103,,,No
1104,,,T20
1105,,,T20
1106,,,T20
1107,,,T20
1108,,,T20
1109,,,T20
1110,,,T20
1111,,,No
1112,,,T20
1113,,,T20
1114,,,No
1115,,,T20
1116,,,T20
1117,,,T20
1118,,,T20
1119,,,T20
1120,,,T20
1121,,,No
1122,,,T20
1123,,,No
1124,,,No
1125,,,T20
1126,,,T20
1127,,,No
1128,,,T20
1129,,,T20
1130,,,T20
1131,,,T20
1132,,,T20
1133,,,No
1134,,,T20
1135,,,T20
1136,,,T20
1137,,,T20
1138,,,T20
1139,,,No
1140,,,No
1141,,,T20
1142,,,No
1143,,,T20
1144,,,No
1145,,,No
1146,,,No
1147,,,T20
1148,,,No
1149,,,T20
1150,,,No
1151,,,T20
1152,,,T20
1153,,,T20
1154,,,No
1155,,,T20
1156,,,T20
1157,,,T20
1158,,,T20
1159,,,T20
1160,,,T20
1161,,,No
1162,,,T20
1163,,,T20
1164,,,T20
1165,,,T20
1166,,,No
1167,,,T20
1168,,,No
1169,,,T20
1170,,,T20
1171,,,T20
1172,,,T20
1173,,,No
1174,,,T20
1175,,,T20
1176,,,No
1177,,,No
1178,,,No
1179,,,T20
1180,,,T20
1181,,,T20
1182,,,T20
1183,,,T20
1184,,,T20
1185,,,No
1186,,,T20
1187,,,No
1188,,,T20
1189,,,T20
1190,,,T20
1191,,,T20
1192,,,T20
1193,,,T20
1194,,,T20
1195,,,T20
1196,,,T20
1197,,,No
1198,,,T20
1199,,,T20
1200,,,T20
1201,,,T20
1202,,,T20
1203,,,T20
1204,,,T20
1205,,,T20
1206,,,T20
1207,,,No
1208,,,No
1209,,,T20
1210,,,T20
1211,,,T20
1212,,,No
1213,,,T20
1214,,,T20
1215,,,T20
1216,,,T20
1217,,,T20
1218,,,T20
1219,,,T20
1220,,,T20
1221,,,No
1222,,,T20
1223,,,T20
1224,,,T20
1225,,,No
1226,,,T20
1227,,,No
1228,,,No
1229,,,No
1230,,,T20
1231,,,No
1232,,,T20
1233,,,T20
1234,,,T20
1235,,,T20
1236,,,T20
1237,,,T20
1238,,,T20
1239,,,No
1240,,,No
1241,,,No
1242,,,T20
1243,,,T20
1244,,,T20
1245,,,T20
1246,,,No
1247,,,T20
1248,,,T20
1249,,,T20
1250,,,T20
1251,,,T20
1252,,,T20
1253,,,T20
1254,,,T20
1255,,,T20
1256,,,T20
1257,,,No
1258,,,No
1259,,,T20
1260,,,T20
1261,,,T20
1262,,,T20
1263,,,T20
1264,,,No
1265,,,No
1266,,,T20
1267,,,T20
1268,,,T20
1269,,,No
1270,,,T20
1271,,,No
1272,,,No
1273,,,No
1274,,,No
1275,,,No
1276,,,T20
1277,,,T20
1278,,,T20
1279,,,No
1280,,,No
1281,,,T20
1282,,,T20
1283,,,T20
1284,,,No
1285,,,No
1286,,,T20
1287,,,T20
1288,,,No
1289,,,T20
1290,,,T20
1291,,,T20
1292,,,T20
1293,,,T20
1294,,,No
1295,,,No
1296,,,No
1297,,,No
1298,,,T20
1299,,,T20
1300,,,No
1301,,,No
1302,,,No
1303,,,T20
1304,,,T20
1305,,,T20
1306,,,No
1307,,,No
1308,,,T20
1309,,,T20
1310,,,T20
1311,,,T20
1312,,,No
1313,,,No
1314,,,T20
1315,,,T20
1316,,,T20
1317,,,No
1318,,,T20
1319,,,T20
1320,,,No
1321,,,T20
1322,,,T20
1323,,,No
1324,,,T20
1325,,,T20
1326,,,No
1327,,,No
1328,,,No
1329,,,T20
1330,,,T20
1331,,,T20
1332,,,T20
1333,,,T20
1334,,,No
1335,,,T20
1336,,,T20
1337,,,T20
1338,,,No
1339,,,No
1340,,,T20
1341,,,T20
1342,,,T20
1343,,,T20
1344,,,T20
1345,,,T20
1346,,,T20
1347,,,No
1348,,,No
1349,,,T20
1350,,,T20
1351,,,T20
1352,,,No
1353,,,No
1354,,,T20
1355,,,T20
1356,,,No
1357,,,T20
1358,,,T20
1359,,,No
1360,,,No
1361,,,No
1362,,,No
1363,,,No
1364,,,T20
1365,,,T20
1366,,,No
1367,,,No
1368,,,T20
1369,,,No
1370,,,No
1371,,,No
1372,,,T20
1373,,,T20
1374,,,T20
1375,,,No
1376,,,No
1377,,,T20
1378,,,T20
1379,,,No
1380,,,T20
1381,,,No
1382,,,No
1383,,,No
1384,,,T20
1385,,,T20
1386,,,T20
1387,,,T20
1388,,,No
1389,,,No
1390,,,No
1391,,,No
1392,,,T20
1393,,,No
1394,,,T20
1395,,,No
1396,,,T20
1397,,,T20
1398,,,T20
1399,,,No
1400,,,No
1401,,,T20
1402,,,T20
1403,,,T20
1404,,,T20
1405,,,T20
1406,,,T20
1407,,,No
1408,,,T20
1409,,,T20
1410,,,T20
1411,,,T20
1412,,,T20
1413,,,No
1414,,,No
1415,,,No
1416,,,T20
1417,,,No
1418,,,T20
1419,,,No
1420,,,T20
1421,,,T20
1422,,,T20
1423,,,No
1424,,,No
1425,,,No
1426,,,T20
1427,,,No
1428,,,No
1429,,,T20
1430,,,No
1431,,,T20
1432,,,No
1433,,,No
1434,,,No
1435,,,No
1436,,,No
1437,,,No
1438,,,No
1439,,,No
1440,,,No
1441,,,T20
1442,,,T20
1443,,,No
1444,,,No
1445,,,T20
1446,,,No
1447,,,No
1448,,,T20
1449,,,No
1450,,,No
1451,,,No
1452,,,No
1453,,,T20
1454,,,T20
1455,,,T20
1456,,,T20
1457,,,No
1458,,,T20
1459,,,No
1460,,,T20
1461,,,T20
1462,,,T20
1463,,,T20
1464,,,No
1465,,,T20
1466,,,T20
1467,,,T20
1468,,,T20
1469,,,No
1470,,,T20
1471,,,No
1472,,,T20
1473,,,T20
1474,,,T20
1475,,,No
1476,,,No
1477,,,No
1478,,,No
1479,,,T20
1480,,,T20
1481,,,No
1482,,,No
1483,,,T20
1484,,,T20
1485,,,No
1486,,,No
1487,,,T20
1488,,,No
1489,,,No
1490,,,No
1491,,,No
1492,,,No
1493,,,T20
1494,,,T20
1495,,,No
1496,,,T20
1497,,,No
1498,,,No
1499,,,T20
1500,,,No
1501,,,T20
1502,,,No
1503,,,No
1504,,,T20
1505,,,T20
1506,,,T20
1507,,,T20
1508,,,No
1509,,,T20
1510,,,T20
1511,,,No
1512,,,No
1513,,,No
1514,,,No
1515,,,No
1516,,,No
1517,,,T20
1518,,,No
1519,,,T20
1520,,,T20
1521,,,No
1522,,,No
1523,,,No
1524,,,T20
1525,,,T20
1526,,,T20
1527,,,T20
1528,,,T20
1529,,,T20
1530,,,No
1531,,,No
1532,,,No
1533,,,No
1534,,,No
1535,,,No
1536,,,No
1537,,,No
1538,,,No
1539,,,No
1540,,,No
1541,,,No
1542,,,T20
1543,,,No
1544,,,T20
1545,,,T20
1546,,,T20
1547,,,T20
1548,,,No
1549,,,T20
1550,,,No
1551,,,T20
1552,,,No
1553,,,No
1554,,,T20
1555,,,T20
1556,,,No
1557,,,No
1558,,,T20
1559,,,T20
1560,,,No
1561,,,No
1562,,,T20
1563,,,T20
1564,,,T20
1565,,,T20
1566,,,No
1567,,,No
1568,,,T20
1569,,,T20
1570,,,T20
1571,,,No
1572,,,T20
1573,,,T20
1574,,,No
1575,,,T20
1576,,,T20
1577,,,T20
1578,,,T20
1579,,,No
1580,,,No
1581,,,T20
1582,,,No
1583,,,No
1584,,,No
1585,,,No
1586,,,No
1587,,,T20
1588,,,No
1589,,,No
1590,,,T20
1591,,,T20
1592,,,No
1593,,,No
1594,,,T20
1595,,,T20
1596,,,No
1597,,,T20
1598,,,T20
1599,,,T20
1600,,,No
1601,,,No
1602,,,T20
1603,,,No
1604,,,T20
1605,,,No
1606,,,No
1607,,,No
1608,,,No
1609,,,T20
1610,,,No
1611,,,No
1612,,,No
1613,,,No
1614,,,No
1615,,,No
1616,,,T20
1617,,,T20
1618,,,No
1619,,,No
1620,,,T20
1621,,,T20
1622,,,T20
1623,,,T20
1624,,,No
1625,,,T20
1626,,,No
1627,,,No
1628,,,T20
1629,,,T20
1630,,,No
1631,,,No
1632,,,No
1633,,,T20
1634,,,No
1635,,,No
1636,,,T20
1637,,,No
1638,,,No
1639,,,No
1640,,,T20 (T3 - A1)
1641,,,T20
1642,,,T20
1643,,,No
1644,,,No
1645,,,T20
1646,,,T20
1647,,,No
1648,,,T20
1649,,,T20
1650,,,T20
1651,,,No
1652,,,No
1653,,,T20
1654,,,No
1655,,,No
1656,,,T20
1657,,,T20
1658,,,No
1659,,,No
1660,,,T20
1661,,,T20
1662,,,T20
1663,,,No
1664,,,T20
1665,,,No
1666,,,T20
1667,,,No
1668,,,No
1669,,,T20
1670,,,No
1671,,,T20
1672,,,No
1673,,,No
1674,,,No
1675,,,No
1676,,,No
1677,,,T20
1678,,,No
1679,,,No
1680,,,T20
1681,,,No
1682,,,T20
1683,,,No
1684,,,No
1685,,,No
1686,,,No
1687,,,No
1688,,,T20
1689,,,No
1690,,,T20
1691,,,No
1692,,,T20
1693,,,No
1694,,,No
1695,,,No
1696,,,No
1697,,,No
1698,,,T20
1699,,,T20
1700,,,No
1701,,,T20
1702,,,No
1703,,,No
1704,,,No
1705,,,No
1706,,,No
1707,,,No
1708,,,T20
1709,,,T20
1710,,,No
1711,,,No
1712,,,T20
1713,,,T20
1714,,,No
1715,,,No
1716,,,No
1717,,,T20
1718,,,No
1719,,,No
1720,,,T20
1721,,,No
1722,,,T20
1723,,,T20
1724,,,T20
1725,,,No
1726,,,No
1727,,,No
1728,,,No
1729,,,No
1730,,,T20
1731,,,No
1732,,,T20
1733,,,No
1734,,,T20
1735,,,No
1736,,,No
1737,,,T20
1738,,,No
1739,,,No
1740,,,No
1741,,,No
1742,,,No
1743,,,No
1744,,,No
1745,,,No
1746,,,No
1747,,,No
1748,,,T20
1749,,,No
1750,,,T20
1751,,,No
1752,,,T20
1753,,,No
1754,,,No
1755,,,No
1756,,,No
1757,,,No
1758,,,No
1759,,,No
1760,,,No
1761,,,No
1762,,,No
1763,,,No
1764,,,No
1765,,,No
1766,,,T20
1767,,,No
1768,,,No
1769,,,No
1770,,,No
1771,,,No
1772,,,T20
1773,,,T20
1774,,,No
1775,,,No
1776,,,No
1777,,,T20
1778,,,No
1779,,,T20
1780,,,T20
1781,,,T20
1782,,,T20
1783,,,No
1784,,,No
1785,,,No
1786,,,No
1787,,,T20
1788,,,No
1789,,,No
1790,,,No
1791,,,No
1792,,,No
1793,,,T20
1794,,,No
1795,,,T20
1796,,,No
1797,,,No
1798,,,No
1799,,,No
1800,,,No
1801,,,No
1802,,,No
1803,,,No
1804,,,No
1805,,,No
1806,,,No
1807,,,No
1808,,,T20
1809,,,No
1810,,,No
1811,,,T20
1812,,,No
1813,,,No
1814,,,No
1815,,,No
1816,,,No
1817,,,No
1818,,,No
1819,,,T20
1820,,,T20
1821,,,No
1822,,,No
1823,,,No
1824,,,No
1825,,,T20
1826,,,No
1827,,,No
1828,,,No
1829,,,No
1830,,,No
1831,,,T20 (T3 - A2)
1832,,,No
1833,,,No
1834,,,No
1835,,,No
1836,,,No
1837,,,No
1838,,,No
1839,,,No
1840,,,No
1841,,,No
1842,,,No
1843,,,No
1844,,,No
1845,,,No
1846,,,T20
1847,,,No
1848,,,No
1849,,,T20
1850,,,No
1851,,,T20
1852,,,No
1853,,,No
1854,,,No
1855,,,No
1856,,,T20
1857,,,No
1858,,,No
1859,,,No
1860,,,No
1861,,,No
1862,,,No
1863,,,No
1864,,,No
1865,,,No
1866,,,No
1867,,,T20
1868,,,No
1869,,,No
1870,,,No
1871,,,No
1872,,,No
1873,,,No
1874,,,T20
1875,,,No
1876,,,No
1877,,,No
1878,,,No
1879,,,No
1880,,,No
1881,,,No
1882,,,No
1883,,,No
1884,,,No
1885,,,T20
1886,,,No
1887,,,No
1888,,,No
1889,,,No
1890,,,No
1891,,,No
1892,,,No
1893,,,No
1894,,,No
1895,,,No
1896,,,No
1897,,,No
1898,,,No
1899,,,No
1900,,,No
1901,,,No
1902,,,No
1903,,,No
1904,,,No
1905,,,T20
1906,,,No
1907,,,No
1908,,,No
1909,,,No
1910,,,No
1911,,,No
1912,,,No
1913,,,No
1914,,,No
1915,,,No
1916,,,No
1917,,,No
1918,,,No
1919,,,No
1920,,,T20
1921,,,No
1922,,,T20
1923,,,No
1924,,,No
1925,,,No
1926,,,No
1927,,,T20
1928,,,No
1929,,,No
1930,,,No
1931,,,No
1932,,,No
1933,,,No
1934,,,No
1935,,,T20
1936,,,T20
1937,,,No
1938,,,No
1939,,,T20
1940,,,T20
1941,,,T20
1942,,,No
1943,,,No
1944,,,No
1945,,,No
1946,,,No
1947,,,No
1948,,,T20
1949,,,No
1950,,,No
1951,,,No
1952,,,No
1953,,,No
1954,,,T20
1955,,,No
1956,,,No
1957,,,No
1958,,,No
1959,,,No
1960,,,T20
1961,,,No
1962,,,No
1963,,,No
1964,,,T20
1965,,,T20
1966,,,No
1967,,,No
1968,,,No
1969,,,No
1970,,,No
1971,,,No
1972,,,No
1973,,,No
1974,,,No
1975,,,No
1976,,,No
1977,,,No
1978,,,No
1979,,,No
1980,,,No
1981,,,No
1982,,,No
1983,,,No
1984,,,No
1985,,,No
1986,,,No
1987,,,No
1988,,,No
1989,,,No
1990,,,No
1991,,,No
1992,,,No
1993,,,No
1994,,,T20
1995,,,No
1996,,,No
1997,,,No
1998,,,No
1999,,,No
2000,,,No
2001,,,No
2002,,,No
2003,,,No
2004,,,T20
2005,,,No
2006,,,No
2007,,,No
2008,,,No
2009,,,No
2010,,,No
2011,,,T20
2012,,,No
2013,,,T20
2014,,,No
2015,,,T20
2016,,,T20
2017,,,No
2018,,,T20
2019,,,No
2020,,,No
2021,,,T20
2022,,,No
2023,,,No
2024,,,T20
2025,,,No
2026,,,No
2027,,,No
2028,,,No
2029,,,T20
2030,,,No
2031,,,No
2032,,,No
2033,,,No
2034,,,T20
2035,,,T20
2036,,,No
2037,,,No
2038,,,No
2039,,,No
2040,,,No
2041,,,No
2042,,,No
2043,,,No
2044,,,No
2045,,,No
2046,,,No
2047,,,No
2048,,,No
2049,,,No
2050,,,No
2051,,,No
2052,,,No
2053,,,No
2054,,,No
2055,,,No
2056,,,T20
2057,,,No
2058,,,No
2059,,,No
2060,,,No
2061,,,No
2062,,,No
2063,,,No
2064,,,No
2065,,,No
2066,,,No
2067,,,No
2068,,,No
2069,,,No
2070,,,No
2071,,,No
2072,,,No
2073,,,No
2074,,,No
2075,,,No
2076,,,No
2077,,,No
2078,,,No
2079,,,No
2080,,,No
2081,,,T20
2082,,,No
2083,,,T20
2084,,,No
2085,,,No
2086,,,T20
2087,,,No
2088,,,No
2089,,,No
2090,,,No
2091,,,No
2092,,,T20
2093,,,No
2094,,,No
2095,,,No
2096,,,No
2097,,,No
2098,,,No
2099,,,No
2100,,,No
2101,,,No
2102,,,No
2103,,,No
2104,,,No
2105,,,No
2106,,,No
2107,,,No
2108,,,No
2109,,,T20
2110,,,No
2111,,,No
2112,,,No
2113,,,No
2114,,,No
2115,,,No
2116,,,No
2117,,,No
2118,,,No
2119,,,No
2120,,,No
2121,,,No
2122,,,T20
2123,,,No
2124,,,No
2125,,,No
2126,,,No
2127,,,No
2128,,,No
2129,,,No
2130,,,No
2131,,,No
2132,,,No
2133,,,No
2134,,,No
2135,,,No
2136,,,No
2137,,,No
2138,,,No
2139,,,No
2140,,,No
2141,,,No
2142,,,No
2143,,,No
2144,,,No
2145,,,No
2146,,,No
2147,,,No
2148,,,T20
2149,,,No
2150,,,No
2151,,,No
2152,,,No
2153,,,No
2154,,,No
2155,,,No
2156,,,No
2157,,,No
2158,,,No
2159,,,No
2160,,,No
2161,,,No
2162,,,T20
2163,,,No
2164,,,No
2165,,,No
2166,,,No
2167,,,T20
2168,,,No
2169,,,No
2170,,,No
2171,,,No
2172,,,No
2173,,,No
2174,,,No
2175,,,No
2176,,,No
2177,,,No
2178,,,T20
2179,,,No
2180,,,No
2181,,,No
2182,,,No
2183,,,T20
2184,,,No
2185,,,T20
2186,,,No
2187,,,No
2188,,,No
2189,,,No
2190,,,T20
2191,,,No
2192,,,No
2193,,,T20
2194,,,No
2195,,,No
2196,,,No
2197,,,T20
2198,,,No
2199,,,No
2200,,,No
2201,,,No
2202,,,No
2203,,,No
2204,,,T20
2205,,,T20
2206,,,No
2207,,,No
2208,,,No
2209,,,No
2210,,,No
2211,,,No
2212,,,T20
2213,,,No
2214,,,No
2215,,,No
2216,,,No
2217,,,No
2218,,,No
2219,,,No
2220,,,No
2221,,,No
2222,,,No
2223,,,No
2224,,,No
2225,,,No
2226,,,No
2227,,,No
2228,,,No
2229,,,No
2230,,,No
2231,,,No
2232,,,No
2233,,,No
2234,,,No
2235,,,T20
2236,,,No
2237,,,T20
2238,,,No
2239,,,No
2240,,,T20
2241,,,No
2242,,,No
2243,,,No
2244,,,No
2245,,,No
2246,,,No
2247,,,No
2248,,,No
2249,,,No
2250,,,No
2251,,,No
2252,,,No
2253,,,No
2254,,,No
2255,,,No
2256,,,No
2257,,,No
2258,,,No
2259,,,No
2260,,,No
2261,,,No
2262,,,T20
2263,,,No
2264,,,No
2265,,,T20
2266,,,No
2267,,,No
2268,,,No
2269,,,No
2270,,,No
2271,,,No
2272,,,No
2273,,,No
2274,,,No
2275,,,No
2276,,,No
2277,,,No
2278,,,No
2279,,,No
2280,,,No
2281,,,No
2282,,,No
2283,,,No
2284,,,No
2285,,,No
2286,,,No
2287,,,No
2288,,,No
2289,,,No
2290,,,No
2291,,,No
2292,,,T20
2293,,,No
2294,,,No
2295,,,No
2296,,,No
2297,,,No
2298,,,No
2299,,,No
2300,,,No
2301,,,No
2302,,,No
2303,,,No
2304,,,No
2305,,,No
2306,,,No
2307,,,No
2308,,,No
2309,,,No
2310,,,T20
2311,,,No
2312,,,No
2313,,,No
2314,,,No
2315,,,No
2316,,,No
2317,,,No
2318,,,No
2319,,,T20
2320,,,No
2321,,,T20
2322,,,No
2323,,,No
2324,,,No
2325,,,No
2326,,,No
2327,,,No
2328,,,No
2329,,,No
2330,,,No
2331,,,No
2332,,,No
2333,,,No
2334,,,No
2335,,,No
2336,,,No
2337,,,No
2338,,,No
2339,,,No
2340,,,No
2341,,,No
2342,,,No
2343,,,T20
2344,,,No
2345,,,No
2346,,,No
2347,,,No
2348,,,No
2349,,,No
2350,,,No
2351,,,No
2352,,,No
2353,,,No
2354,,,No
2355,,,No
2356,,,No
2357,,,No
2358,,,No
2359,,,No
2360,,,No
2361,,,No
2362,,,No
2363,,,No
2364,,,No
2365,,,No
2366,,,No
2367,,,No
2368,,,No
2369,,,No
2370,,,T20
2371,,,No
2372,,,No
2373,,,T20
2374,,,No
2375,,,No
2376,,,No
2377,,,No
2378,,,No
2379,,,No
2380,,,No
2381,,,No
2382,,,No
2383,,,No
2384,,,No
2385,,,No
2386,,,No
2387,,,No
2388,,,No
2389,,,No
2390,,,No
2391,,,No
2392,,,No
2393,,,No
2394,,,No
2395,,,No
2396,,,No
2397,,,No
2398,,,No
2399,,,No
2400,,,No
2401,,,No
2402,,,No
2403,,,No
2404,,,No
2405,,,No
2406,,,No
2407,,,No
2408,,,No
2409,,,No
2410,,,No
2411,,,No
2412,,,T20
2413,,,No
2414,,,No
2415,,,No
2416,,,No
2417,,,No
2418,,,No
2419,,,No
2420,,,No
2421,,,No
2422,,,No
2423,,,No
2424,,,No
2425,,,No
2426,,,No
2427,,,No
2428,,,No
2429,,,No
2430,,,No
2431,,,T20
2432,,,T20
2433,,,No
2434,,,No
2435,,,No
2436,,,No
2437,,,No
2438,,,No
2439,,,No
2440,,,No
2441,,,No
2442,,,No
2443,,,No
2444,,,No
2445,,,No
2446,,,No
2447,,,No
2448,,,No
2449,,,No
2450,,,No
2451,,,No
2452,,,No
2453,,,No
2454,,,No
2455,,,No
2456,,,No
2457,,,No
2458,,,No
2459,,,T20
2460,,,No
2461,,,No
2462,,,No
2463,,,T20
2464,,,No
2465,,,No
2466,,,No
2467,,,No
2468,,,No
2469,,,No
2470,,,No
2471,,,T20
2472,,,No
2473,,,No
2474,,,No
2475,,,No
2476,,,No
2477,,,No
2478,,,No
2479,,,No
2480,,,No
2481,,,No
2482,,,No
2483,,,No
2484,,,No
2485,,,No
2486,,,T20 (T3 - B1)
2487,,,No
2488,,,T20
2489,,,No
2490,,,No
2491,,,No
2492,,,No
2493,,,No
2494,,,No
2495,,,No
2496,,,No
2497,,,No
2498,,,No
2499,,,No
2500,,,No
2501,,,T20
2502,,,No
2503,,,No
2504,,,T20
2505,,,No
2506,,,No
2507,,,No
2508,,,No
2509,,,No
2510,,,No
2511,,,No
2512,,,No
2513,,,No
2514,,,T20
2515,,,No
2516,,,No
2517,,,No
2518,,,No
2519,,,No
2520,,,No
2521,,,No
2522,,,No
2523,,,No
2524,,,No
2525,,,No
2526,,,No
2527,,,No
2528,,,No
2529,,,No
2530,,,T20
2531,,,No
2532,,,No
2533,,,No
2534,,,No
2535,,,No
2536,,,No
2537,,,No
2538,,,No
2539,,,No
2540,,,No
2541,,,No
2542,,,T20
2543,,,No
2544,,,No
2545,,,No
2546,,,No
2547,,,T20
2548,,,No
2549,,,No
2550,,,No
2551,,,No
2552,,,No
2553,,,No
2554,,,No
2555,,,No
2556,,,No
2557,,,No
2558,,,No
2559,,,No
2560,,,No
2561,,,No
2562,,,No
2563,,,No
2564,,,No
2565,,,No
2566,,,No
2567,,,No
2568,,,No
2569,,,No
2570,,,No
2571,,,No
2572,,,No
2573,,,No
2574,,,No
2575,,,T20
2576,,,No
2577,,,No
2578,,,No
2579,,,No
2580,,,No
2581,,,No
2582,,,No
2583,,,No
2584,,,No
2585,,,No
2586,,,No
2587,,,T20
2588,,,T20
2589,,,No
2590,,,No
2591,,,No
2592,,,No
2593,,,No
2594,,,No
2595,,,No
2596,,,T20
2597,,,No
2598,,,No
2599,,,No
2600,,,No
2601,,,No
2602,,,No
2603,,,No
2604,,,No
2605,,,No
2606,,,No
2607,,,No
2608,,,No
2609,,,No
2610,,,No
2611,,,No
2612,,,No
2613,,,No
2614,,,No
2615,,,No
2616,,,No
2617,,,No
2618,,,No
2619,,,No
2620,,,No
2621,,,T20
2622,,,No
2623,,,No
2624,,,No
2625,,,No
2626,,,No
2627,,,No
2628,,,No
2629,,,No
2630,,,No
2631,,,No
2632,,,No
2633,,,No
2634,,,No
2635,,,No
2636,,,No
2637,,,No
2638,,,No
2639,,,No
2640,,,No
2641,,,No
2642,,,No
2643,,,No
2644,,,No
2645,,,No
2646,,,No
2647,,,No
2648,,,No
2649,,,No
2650,,,No
2651,,,No
2652,,,No
2653,,,No
2654,,,No
2655,,,No
2656,,,No
2657,,,No
2658,,,No
2659,,,No
2660,,,No
2661,,,No
2662,,,No
2663,,,No
2664,,,No
2665,,,No
2666,,,No
2667,,,No
2668,,,No
2669,,,No
2670,,,No
2671,,,No
2672,,,No
2673,,,No
2674,,,No
2675,,,No
2676,,,No
2677,,,No
2678,,,No
2679,,,No
2680,,,No
2681,,,No
2682,,,No
2683,,,No
2684,,,No
2685,,,No
2686,,,No
2687,,,No
2688,,,No
2689,,,No
2690,,,No
2691,,,No
2692,,,No
2693,,,No
2694,,,No
2695,,,No
2696,,,No
2697,,,No
2698,,,No
2699,,,No
2700,,,No
2701,,,No
2702,,,No
2703,,,No
2704,,,No
2705,,,No
2706,,,No
2707,,,No
2708,,,No
2709,,,No
2710,,,No
2711,,,No
2712,,,No
2713,,,No
2714,,,No
2715,,,No
2716,,,No
2717,,,No
2718,,,No
2719,,,No
2720,,,No
2721,,,No
2722,,,No
2723,,,No
2724,,,No
2725,,,No
2726,,,No
2727,,,No
2728,,,No
2729,,,No
2730,,,No
2731,,,No
2732,,,No
2733,,,No
2734,,,No
2735,,,No
2736,,,No
2737,,,No
2738,,,No
2739,,,No
2740,,,No
2741,,,No
2742,,,No
2743,,,No
2744,,,No
2745,,,No
2746,,,No
2747,,,No
2748,,,No
2749,,,No
2750,,,No
2751,,,No
2752,,,No
2753,,,No
2754,,,No
2755,,,No
2756,,,No
2757,,,No
2758,,,No
2759,,,No
2760,,,No
2761,,,No
2762,,,No
2763,,,No
2764,,,No
2765,,,No
2766,,,No
2767,,,No
2768,,,No
2769,,,No
2770,,,No
2771,,,No
2772,,,No
2773,,,No
2774,,,No
2775,,,No
2776,,,T20
2777,,,No
2778,,,No
2779,,,No
2780,,,No
2781,,,No
2782,,,T20
2783,,,No
2784,,,No
2785,,,No
2786,,,No
2787,,,No
2788,,,No
2789,,,No
2790,,,No
2791,,,No
2792,,,No
2793,,,No
2794,,,No
2795,,,No
2796,,,No
2797,,,No
2798,,,No
2799,,,No
2800,,,No
2801,,,No
2802,,,No
2803,,,No
2804,,,No
2805,,,No
2806,,,No
2807,,,No
2808,,,No
2809,,,No
2810,,,No
2811,,,No
2812,,,No
2813,,,No
2814,,,No
2815,,,No
2816,,,No
2817,,,No
2818,,,No
2819,,,No
2820,,,No
2821,,,No
2822,,,No
2823,,,No
2824,,,No
2825,,,No
2826,,,No
2827,,,No
2828,,,No
2829,,,No
2830,,,No
2831,,,No
2832,,,No
2833,,,No
2834,,,No
2835,,,No
2836,,,No
2837,,,No
2838,,,No
2839,,,No
2840,,,No
2841,,,No
2842,,,No
2843,,,No
2844,,,No
2845,,,No
2846,,,No
2847,,,No
2848,,,No
2849,,,No
2850,,,T20
2851,,,No
2852,,,No
2853,,,No
2854,,,No
2855,,,No
2856,,,No
2857,,,No
2858,,,No
2859,,,No
2860,,,No
2861,,,No
2862,,,No
2863,,,No
2864,,,No
2865,,,No
2866,,,No
2867,,,No
2868,,,No
2869,,,No
2870,,,No
2871,,,No
2872,,,No
2873,,,No
2874,,,No
2875,,,No
2876,,,No
2877,,,No
2878,,,No
2879,,,No
2880,,,No
2881,,,No
2882,,,No
2883,,,No
2884,,,T20
2885,,,No
2886,,,No
2887,,,No
2888,,,No
2889,,,No
2890,,,No
2891,,,No
2892,,,No
2893,,,No
2894,,,No
2895,,,No
2896,,,No
2897,,,No
2898,,,T20
2899,,,No
2900,,,No
2901,,,No
2902,,,No
2903,,,No
2904,,,No
2905,,,No
2906,,,No
2907,,,No
2908,,,No
2909,,,No
2910,,,No
2911,,,No
2912,,,No
2913,,,No
2914,,,No
2915,,,No
2916,,,No
2917,,,No
2918,,,No
2919,,,No
2920,,,No
2921,,,No
2922,,,No
2923,,,No
2924,,,No
2925,,,No
2926,,,No
2927,,,No
2928,,,No
2929,,,No
2930,,,No
2931,,,No
2932,,,No
2933,,,No
2934,,,No
2935,,,No
2936,,,No
2937,,,No
2938,,,No
2939,,,No
2940,,,No
2941,,,No
2942,,,No
2943,,,No
2944,,,No
2945,,,No
2946,,,No
2947,,,No
2948,,,No
2949,,,No
2950,,,No
2951,,,No
2952,,,No
2953,,,No
2954,,,No
2955,,,No
2956,,,No
2957,,,No
2958,,,No
2959,,,No
2960,,,No
2961,,,No
2962,,,No
2963,,,No
2964,,,No
2965,,,No
2966,,,No
2967,,,No
2968,,,No
2969,,,No
2970,,,No
2971,,,No
2972,,,No
2973,,,No
2974,,,No
2975,,,No
2976,,,No
2977,,,No
2978,,,No
2979,,,No
2980,,,No
2981,,,No
2982,,,No
2983,,,No
2984,,,No
2985,,,No
2986,,,No
2987,,,No
2988,,,No
2989,,,No
2990,,,No
2991,,,No
2992,,,No
2993,,,No
2994,,,No
2995,,,No
2996,,,No
2997,,,No
2998,,,No
2999,,,No
3000,,,No
3001,,,No
3002,,,No
3003,,,No
3004,,,No
3005,,,No
3006,,,No
3007,,,No
3008,,,No
3009,,,No
3010,,,No
3011,,,No
3012,,,No
3013,,,No
3014,,,No
3015,,,No
3016,,,No
3017,,,No
3018,,,No
3019,,,No
3020,,,No
3021,,,No
3022,,,No
3023,,,No
3024,,,No
3025,,,No
3026,,,No
3027,,,No
3028,,,No
3029,,,No
3030,,,No
3031,,,No
3032,,,No
3033,,,No
3034,,,No
3035,,,No
3036,,,No
3037,,,No
3038,,,No
3039,,,No
3040,,,No
3041,,,No
3042,,,No
3043,,,No
3044,,,No
3045,,,No
3046,,,No
3047,,,No
3048,,,No
3049,,,No
3050,,,No
3051,,,No
3052,,,No
3053,,,No
3054,,,No
3055,,,No
3056,,,No
3057,,,No
3058,,,No
3059,,,No
3060,,,No
3061,,,No
3062,,,No
3063,,,No
3064,,,No
3065,,,No
3066,,,No
3067,,,No
3068,,,No
3069,,,No
3070,,,No
3071,,,No
3072,,,No
3073,,,No
3074,,,No
3075,,,No
3076,,,No
3077,,,No
3078,,,No
3079,,,No
3080,,,No
3081,,,No
3082,,,No
3083,,,No
3084,,,No
3085,,,No
3086,,,No
3087,,,No
3088,,,No
3089,,,No
3090,,,No
3091,,,No
3092,,,No
3093,,,No
3094,,,No
3095,,,No
3096,,,No
3097,,,No
3098,,,No
3099,,,No
3100,,,No
3101,,,No
3102,,,No
3103,,,No
3104,,,No
3105,,,No
3106,,,No
3107,,,No
3108,,,No
3109,,,No
3110,,,No
3111,,,No
3112,,,No
3113,,,No
3114,,,No
3115,,,No
3116,,,No
3117,,,No
3118,,,No
3119,,,No
3120,,,No
3121,,,No
3122,,,No
3123,,,No
3124,,,No
3125,,,No
3126,,,No
3127,,,No
3128,,,No
3129,,,No
3130,,,No
3131,,,No
3132,,,No
3133,,,No
3134,,,No
3135,,,No
3136,,,No
3137,,,No
3138,,,No
3139,,,No
3140,,,No
3141,,,No
3142,,,No
3143,,,No
3144,,,No
3145,,,No
3146,,,No
3147,,,No
3148,,,No
3149,,,No
3150,,,No
3151,,,No
3152,,,T20
3153,,,No
3154,,,No
3155,,,No
3156,,,No
3157,,,No
3158,,,No
3159,,,No
3160,,,No
3161,,,No
3162,,,No
3163,,,No
3164,,,No
3165,,,No
3166,,,No
3167,,,No
3168,,,No
3169,,,No
3170,,,No
3171,,,No
3172,,,No
3173,,,No
3174,,,No
3175,,,No
3176,,,No
3177,,,No
3178,,,No
3179,,,No
3180,,,No
3181,,,No
3182,,,No
3183,,,No
3184,,,No
3185,,,No
3186,,,No
3187,,,No
3188,,,No
3189,,,No
3190,,,No
3191,,,No
3192,,,No
3193,,,No
3194,,,No
3195,,,No
3196,,,No
3197,,,No
3198,,,No
3199,,,No
3200,,,No
3201,,,No
3202,,,No
3203,,,No
3204,,,No
3205,,,No
3206,,,No
3207,,,No
3208,,,No
3209,,,No
3210,,,No
3211,,,No
3212,,,No
3213,,,No
3214,,,No
3215,,,No
3216,,,No
3217,,,No
3218,,,No
3219,,,No
3220,,,No
3221,,,No
3222,,,No
3223,,,No
3224,,,No
3225,,,No
3226,,,No
3227,,,No
3228,,,No
3229,,,No
3230,,,No
3231,,,No
3232,,,No
3233,,,No
3234,,,No
3235,,,No
3236,,,No
3237,,,No
3238,,,No
3239,,,No
3240,,,No
3241,,,No
3242,,,No
3243,,,No
3244,,,No
3245,,,No
3246,,,No
3247,,,No
3248,,,No
3249,,,No
3250,,,No
3251,,,No
3252,,,No
3253,,,No
3254,,,No
3255,,,No
3256,,,No
3257,,,No
3258,,,No
3259,,,No
3260,,,No
3261,,,No
3262,,,No
3263,,,No
3264,,,No
3265,,,No
3266,,,No
3267,,,No
3268,,,No
3269,,,No
3270,,,No
3271,,,No
3272,,,No
3273,,,No
3274,,,No
3275,,,No
3276,,,No
3277,,,No
3278,,,No
3279,,,No
3280,,,No
3281,,,No
3282,,,No
3283,,,No
3284,,,No
3285,,,No
3286,,,No
3287,,,No
3288,,,No
3289,,,No
3290,,,No
3291,,,No
3292,,,No
3293,,,No
3294,,,No
3295,,,No
3296,,,No
3297,,,No
3298,,,No
3299,,,No
3300,,,No
3301,,,No
3302,,,No
3303,,,No
3304,,,No
3305,,,No
3306,,,No
3307,,,No
3308,,,No
3309,,,No
3310,,,No
3311,,,No
3312,,,No
3313,,,No
3314,,,No
3315,,,No
3316,,,No
3317,,,No
3318,,,No
3319,,,No
3320,,,No
3321,,,No
3322,,,No
3323,,,No
3324,,,No
3325,,,No
3326,,,No
3327,,,No
3328,,,No
3329,,,No
3330,,,No
3331,,,No
3332,,,No
3333,,,No
3334,,,No
3335,,,No
3336,,,No
3337,,,No
3338,,,No
3339,,,No
3340,,,No
3341,,,No
3342,,,No
3343,,,No
3344,,,No
3345,,,No
3346,,,No
3347,,,No
3348,,,No
3349,,,No
3350,,,No
3351,,,No
3352,,,No
3353,,,No
3354,,,No
3355,,,No
3356,,,No
3357,,,No
3358,,,No
3359,,,No
3360,,,No
3361,,,No
3362,,,No
3363,,,No
3364,,,No
3365,,,No
3366,,,No
3367,,,No
3368,,,No
3369,,,No
3370,,,No
3371,,,No
3372,,,No
3373,,,No
3374,,,No
3375,,,No
3376,,,No
3377,,,No
3378,,,No
3379,,,No
3380,,,No
3381,,,No
3382,,,No
3383,,,No
3384,,,No
3385,,,No
3386,,,No
3387,,,No
3388,,,No
3389,,,No
3390,,,No
3391,,,No
3392,,,No
3393,,,No
3394,,,No
3395,,,No
3396,,,No
3397,,,No
3398,,,No
3399,,,No
3400,,,No
3401,,,No
3402,,,No
3403,,,No
3404,,,No
3405,,,No
3406,,,No
3407,,,No
3408,,,No
3409,,,No
3410,,,No
3411,,,No
3412,,,No
3413,,,No
3414,,,T20
3415,,,No
3416,,,No
3417,,,No
3418,,,No
3419,,,No
3420,,,No
3421,,,No
3422,,,No
3423,,,No
3424,,,No
3425,,,No
3426,,,No
3427,,,No
3428,,,No
3429,,,No
3430,,,No
3431,,,No
3432,,,No
3433,,,No
3434,,,No
3435,,,No
3436,,,No
3437,,,No
3438,,,No
3439,,,No
3440,,,No
3441,,,No
3442,,,No
3443,,,No
3444,,,No
3445,,,No
3446,,,No
3447,,,No
3448,,,No
3449,,,No
3450,,,No
3451,,,No
3452,,,No
3453,,,No
3454,,,No
3455,,,No
3456,,,No
3457,,,No
3458,,,No
3459,,,No
3460,,,No
3461,,,No
3462,,,No
3463,,,No
3464,,,No
3465,,,No
3466,,,No
3467,,,No
3468,,,No
3469,,,No
3470,,,No
3471,,,No
3472,,,No
3473,,,No
3474,,,No
3475,,,No
3476,,,No
3477,,,No
3478,,,No
3479,,,No
3480,,,No
3481,,,No
3482,,,No
3483,,,No
3484,,,No
3485,,,No
3486,,,No
3487,,,No
3488,,,No
3489,,,No
3490,,,No
3491,,,No
3492,,,No
3493,,,No
3494,,,No
3495,,,No
3496,,,No
3497,,,No
3498,,,No
3499,,,No
3500,,,No
3501,,,No
3502,,,No
3503,,,No
3504,,,No
3505,,,No
3506,,,No
3507,,,No
3508,,,No
3509,,,No
3510,,,No
3511,,,No
3512,,,No
3513,,,No
3514,,,No
3515,,,No
3516,,,T20
3517,,,No
3518,,,No
3519,,,No
3520,,,No
3521,,,No
3522,,,No
3523,,,No
3524,,,No
3525,,,No
3526,,,No
3527,,,No
3528,,,No
3529,,,No
3530,,,No
3531,,,No
3532,,,No
3533,,,No
3534,,,No
3535,,,No
3536,,,No
3537,,,No
3538,,,No
3539,,,No
3540,,,No
3541,,,No
3542,,,No
3543,,,No
3544,,,No
3545,,,No
3546,,,No
3547,,,No
3548,,,No
3549,,,No
3550,,,No
3551,,,No
3552,,,No
3553,,,No
3554,,,No
3555,,,No
3556,,,No
3557,,,No
3558,,,No
3559,,,No
3560,,,No
3561,,,No
3562,,,No
3563,,,No
3564,,,No
3565,,,No
3566,,,No
3567,,,No
3568,,,No
3569,,,No
3570,,,No
3571,,,No
3572,,,No
3573,,,No
3574,,,No
3575,,,No
3576,,,No
3577,,,No
3578,,,No
3579,,,No
3580,,,No
3581,,,No
3582,,,No
3583,,,No
3584,,,No
3585,,,No
3586,,,No
3587,,,No
3588,,,No
3589,,,No
3590,,,No
3591,,,No
3592,,,No
3593,,,No
3594,,,No
3595,,,No
3596,,,No
3597,,,No
3598,,,No
3599,,,No
3600,,,No
3601,,,No
3602,,,No
3603,,,No
3604,,,No
3605,,,No
3606,,,No
3607,,,No
3608,,,No
3609,,,No
3610,,,No
3611,,,No
3612,,,No
3613,,,No
3614,,,No
3615,,,No
3616,,,No
3617,,,No
3618,,,No
3619,,,No
3620,,,No
3621,,,No
3622,,,No
3623,,,No
3624,,,No
3625,,,No
3626,,,No
3627,,,No
3628,,,No
3629,,,No
3630,,,No
3631,,,No
3632,,,No
3633,,,No
3634,,,No
3635,,,No
3636,,,No
3637,,,No
3638,,,No
3639,,,No
3640,,,No
3641,,,No
3642,,,No
3643,,,No
3644,,,No
3645,,,No
3646,,,No
3647,,,No
3648,,,No
3649,,,No
3650,,,No
3651,,,No
3652,,,No
3653,,,No
3654,,,No
3655,,,No
3656,,,No
3657,,,No
3658,,,No
3659,,,No
3660,,,No
3661,,,No
3662,,,No
3663,,,No
3664,,,No
3665,,,No
3666,,,No
3667,,,No
3668,,,No
3669,,,No
3670,,,No
3671,,,No
3672,,,No
3673,,,No
3674,,,No
3675,,,No
3676,,,No
3677,,,No
3678,,,No
3679,,,No
3680,,,No
3681,,,No
3682,,,No
3683,,,No
3684,,,No
3685,,,No
3686,,,No
3687,,,No
3688,,,No
3689,,,No
3690,,,No
3691,,,No
3692,,,No
3693,,,No
3694,,,No
3695,,,No
3696,,,No
3697,,,No
3698,,,No
3699,,,No
3700,,,No
3701,,,No
3702,,,No
3703,,,No
3704,,,No
3705,,,No
3706,,,No
3707,,,No
3708,,,No
3709,,,No
3710,,,No
3711,,,No
3712,,,No
3713,,,No
3714,,,No
3715,,,No
3716,,,No
3717,,,No
3718,,,No
3719,,,No
3720,,,No
3721,,,No
3722,,,No
3723,,,No
3724,,,No
3725,,,No
3726,,,No
3727,,,No
3728,,,No
3729,,,No
3730,,,No
3731,,,No
3732,,,No
3733,,,No
3734,,,No
3735,,,No
3736,,,No
3737,,,No
3738,,,No
3739,,,No
3740,,,No
3741,,,No
3742,,,No
3743,,,No
3744,,,No
3745,,,No
3746,,,No
3747,,,No
3748,,,No
3749,,,No
3750,,,No
3751,,,No
3752,,,No
3753,,,No
3754,,,No
3755,,,No
3756,,,No
3757,,,No
3758,,,No
3759,,,No
3760,,,No
3761,,,No
3762,,,No
3763,,,No
3764,,,No
3765,,,No
3766,,,No
3767,,,No
3768,,,No
3769,,,No
3770,,,No
3771,,,No
3772,,,No
3773,,,No
3774,,,No
3775,,,No
3776,,,No
3777,,,No
3778,,,No
3779,,,No
3780,,,No
3781,,,No
3782,,,No
3783,,,No
3784,,,No
3785,,,No
3786,,,No
3787,,,No
3788,,,No
3789,,,No
3790,,,No
3791,,,No
3792,,,No
3793,,,No
3794,,,No
3795,,,No
3796,,,No
3797,,,No
3798,,,No
3799,,,No
3800,,,No
3801,,,No
3802,,,No
3803,,,No
3804,,,No
3805,,,No
3806,,,No
3807,,,No
3808,,,No
3809,,,No
3810,,,No
3811,,,No
3812,,,No
3813,,,No
3814,,,No
3815,,,No
3816,,,No
3817,,,No
3818,,,No
3819,,,No
3820,,,No
3821,,,No
3822,,,No
3823,,,No
3824,,,No
3825,,,No
3826,,,No
3827,,,No
3828,,,No
3829,,,No
3830,,,No
3831,,,No
3832,,,No
3833,,,No
3834,,,No
3835,,,No
3836,,,No
3837,,,No
3838,,,No
3839,,,No
3840,,,No
3841,,,No
3842,,,No
3843,,,No
3844,,,No
3845,,,No
3846,,,No
3847,,,No
3848,,,No
3849,,,No
3850,,,No
3851,,,No
3852,,,No
3853,,,No
3854,,,No
3855,,,No
3856,,,No
3857,,,No
3858,,,No
3859,,,No
3860,,,No
3861,,,No
3862,,,No
3863,,,No
3864,,,No
3865,,,No
3866,,,No
3867,,,No
3868,,,No
3869,,,No
3870,,,No
3871,,,No
3872,,,No
3873,,,No
3874,,,No
3875,,,No
3876,,,No
3877,,,No
3878,,,No
3879,,,No
3880,,,No
3881,,,No
3882,,,No
3883,,,No
3884,,,No
3885,,,No
3886,,,No
3887,,,No
3888,,,No
3889,,,No
3890,,,No
3891,,,No
3892,,,No
3893,,,No
3894,,,No
3895,,,No
3896,,,No
3897,,,No
3898,,,No
3899,,,No
3900,,,No
3901,,,No
3902,,,No
3903,,,No
3904,,,No
3905,,,No
3906,,,No
3907,,,No
3908,,,No
3909,,,No
3910,,,No
3911,,,No
3912,,,No
3913,,,No
3914,,,No
3915,,,No
3916,,,No
3917,,,No
3918,,,No
3919,,,No
3920,,,No
3921,,,No
3922,,,No
3923,,,No
3924,,,No
3925,,,No
3926,,,No
3927,,,No
3928,,,No
3929,,,No
3930,,,No
3931,,,No
3932,,,No
3933,,,No
3934,,,No
3935,,,No
3936,,,No
3937,,,No
3938,,,No
3939,,,No
3940,,,No
3941,,,No
3942,,,No
3943,,,No
3944,,,No
3945,,,No
3946,,,No
3947,,,No
3948,,,T20
3949,,,No
3950,,,No
3951,,,No
3952,,,No
3953,,,No
3954,,,No
3955,,,No
3956,,,No
3957,,,No
3958,,,No
3959,,,No
3960,,,No
3961,,,No
3962,,,No
3963,,,No
3964,,,No
3965,,,No
3966,,,No
3967,,,No
3968,,,No
3969,,,No
3970,,,No
3971,,,No
3972,,,No
3973,,,No
3974,,,No
3975,,,No
3976,,,No
3977,,,No
3978,,,No
3979,,,No
3980,,,No
3981,,,No
3982,,,No
3983,,,No
3984,,,No
3985,,,No
3986,,,No
3987,,,No
3988,,,No
3989,,,No
3990,,,No
3991,,,No
3992,,,No
3993,,,No
3994,,,No
3995,,,No
3996,,,No
3997,,,No
3998,,,No
3999,,,No
4000,,,No
4001,,,No
4002,,,No
4003,,,No
4004,,,No
4005,,,No
4006,,,No
4007,,,No
4008,,,No
4009,,,No
4010,,,No
4011,,,No
4012,,,No
4013,,,No
4014,,,No
4015,,,No
4016,,,No
4017,,,No
4018,,,No
4019,,,No
4020,,,No
4021,,,No
4022,,,No
4023,,,No
4024,,,No
4025,,,No
4026,,,No
4027,,,No
4028,,,No
4029,,,No
4030,,,No
4031,,,No
4032,,,No
4033,,,No
4034,,,No
4035,,,No
4036,,,No
4037,,,No
4038,,,No
4039,,,No
4040,,,No
4041,,,No
4042,,,No
4043,,,No
4044,,,No
4045,,,No
4046,,,No
4047,,,No
4048,,,No
4049,,,No
4050,,,No
4051,,,No
4052,,,No
4053,,,No
4054,,,No
4055,,,No
4056,,,No
4057,,,No
4058,,,No
4059,,,No
4060,,,No
4061,,,No
4062,,,No
4063,,,No
4064,,,No
4065,,,No
4066,,,No
4067,,,No
4068,,,No
4069,,,No
4070,,,No
4071,,,No
4072,,,No
4073,,,No
4074,,,No
4075,,,No
4076,,,No
4077,,,No
4078,,,No
4079,,,No
4080,,,No
4081,,,No
4082,,,No
4083,,,No
4084,,,No
4085,,,No
4086,,,No
4087,,,No
4088,,,No
4089,,,No
4090,,,No
4091,,,No
4092,,,No
4093,,,No
4094,,,No
4095,,,No
4096,,,No
4097,,,No
4098,,,No
4099,,,No
4100,,,No
4101,,,No
4102,,,No
4103,,,No
4104,,,No
4105,,,No
4106,,,No
4107,,,No
4108,,,No
4109,,,No
4110,,,No
4111,,,No
4112,,,No
4113,,,No
4114,,,No
4115,,,No
4116,,,No
4117,,,No
4118,,,No
4119,,,No
4120,,,No
4121,,,No
4122,,,No
4123,,,No
4124,,,No
4125,,,No
4126,,,No
4127,,,No
4128,,,No
4129,,,No
4130,,,No
4131,,,No
4132,,,No
4133,,,No
4134,,,No
4135,,,No
4136,,,No
4137,,,No
4138,,,No
4139,,,No
4140,,,No
4141,,,No
4142,,,No
4143,,,No
4144,,,No
4145,,,No
4146,,,No
4147,,,No
4148,,,No
4149,,,No
4150,,,No
4151,,,No
4152,,,No
4153,,,No
4154,,,No
4155,,,No
4156,,,No
4157,,,No
4158,,,No
4159,,,No
4160,,,No
4161,,,No
4162,,,No
4163,,,No
4164,,,No
4165,,,No
4166,,,No
4167,,,No
4168,,,No
4169,,,No
4170,,,No
4171,,,No
4172,,,No
4173,,,No
4174,,,No
4175,,,No
4176,,,No
4177,,,No
4178,,,No
4179,,,No
4180,,,No
4181,,,No
4182,,,No
4183,,,No
4184,,,No
4185,,,No
4186,,,No
4187,,,No
4188,,,No
4189,,,No
4190,,,No
4191,,,No
4192,,,No
4193,,,No
4194,,,No
4195,,,No
4196,,,No
4197,,,No
4198,,,No
4199,,,No
4200,,,No
4201,,,No
4202,,,No
4203,,,No
4204,,,No
4205,,,No
4206,,,No
4207,,,No
4208,,,No
4209,,,No
4210,,,No
4211,,,No
4212,,,No
4213,,,No
4214,,,No
4215,,,No
4216,,,No
4217,,,No
4218,,,No
4219,,,No
4220,,,No
4221,,,No
4222,,,No
4223,,,No
4224,,,No
4225,,,No
4226,,,No
4227,,,No
4228,,,No
4229,,,No
4230,,,No
4231,,,No
4232,,,No
4233,,,No
4234,,,No
4235,,,No
4236,,,No
4237,,,No
4238,,,No
4239,,,No
4240,,,No
4241,,,No
4242,,,No
4243,,,No
4244,,,No
4245,,,No
4246,,,No
4247,,,No
4248,,,No
4249,,,No
4250,,,No
4251,,,No
4252,,,No
4253,,,No
4254,,,No
4255,,,No
4256,,,No
4257,,,No
4258,,,No
4259,,,No
4260,,,No
4261,,,No
4262,,,No
4263,,,No
4264,,,No
4265,,,No
4266,,,No
4267,,,No
4268,,,No
4269,,,No
4270,,,No
4271,,,No
4272,,,No
4273,,,No
4274,,,No
4275,,,No
4276,,,No
4277,,,No
4278,,,No
4279,,,No
4280,,,No
4281,,,No
4282,,,No
4283,,,No
4284,,,No
4285,,,No
4286,,,No
4287,,,No
4288,,,No
4289,,,No
4290,,,No
4291,,,No
4292,,,No
4293,,,No
4294,,,No
4295,,,No
4296,,,No
4297,,,No
4298,,,No
4299,,,No
4300,,,No
4301,,,No
4302,,,No
4303,,,No
4304,,,No
4305,,,No
4306,,,No
4307,,,No
4308,,,No
4309,,,No
4310,,,No
4311,,,No
4312,,,No
4313,,,No
4314,,,No
4315,,,No
4316,,,No
4317,,,No
4318,,,No
4319,,,No
4320,,,No
4321,,,No
4322,,,No
4323,,,No
4324,,,No
4325,,,No
4326,,,No
4327,,,No
4328,,,No
4329,,,No
4330,,,No
4331,,,No
4332,,,No
4333,,,No
4334,,,No
4335,,,No
4336,,,No
4337,,,No
4338,,,No
4339,,,No
4340,,,No
4341,,,No
4342,,,No
4343,,,No
4344,,,No
4345,,,No
4346,,,No
4347,,,No
4348,,,No
4349,,,No
4350,,,No
4351,,,No
4352,,,No
4353,,,No
4354,,,No
4355,,,No
4356,,,No
4357,,,No
4358,,,No
4359,,,No
4360,,,No
4361,,,No
4362,,,No
4363,,,No
4364,,,No
4365,,,No
4366,,,No
4367,,,No
4368,,,No
4369,,,No
4370,,,No
4371,,,No
4372,,,No
4373,,,T20
4374,,,No
4375,,,No
4376,,,No
4377,,,No
4378,,,No
4379,,,No
4380,,,No
4381,,,No
4382,,,No
4383,,,No
4384,,,No
4385,,,No
4386,,,No
4387,,,No
4388,,,No
4389,,,No
4390,,,No
4391,,,No
4392,,,No
4393,,,No
4394,,,No
4395,,,No
4396,,,No
4397,,,No
4398,,,No
4399,,,No
4400,,,No
4401,,,No
4402,,,No
4403,,,No
4404,,,No
4405,,,No
4406,,,No
4407,,,No
4408,,,No
4409,,,No
4410,,,No
4411,,,No
4412,,,No
4413,,,No
4414,,,No
4415,,,No
4416,,,No
4417,,,No
4418,,,No
4419,,,No
4420,,,No
4421,,,No
4422,,,No
4423,,,No
4424,,,No
4425,,,No
4426,,,No
4427,,,No
4428,,,No
4429,,,No
4430,,,No
4431,,,No
4432,,,No
4433,,,No
4434,,,No
4435,,,No
4436,,,No
4437,,,No
4438,,,No
4439,,,No
4440,,,No
4441,,,No
4442,,,No
4443,,,No
4444,,,No
4445,,,No
4446,,,No
4447,,,No
4448,,,No
4449,,,No
4450,,,No
4451,,,No
4452,,,No
4453,,,No
4454,,,No
4455,,,No
4456,,,No
4457,,,No
4458,,,No
4459,,,No
4460,,,No
4461,,,No
4462,,,No
4463,,,No
4464,,,No
4465,,,No
4466,,,No
4467,,,No
4468,,,No
4469,,,No
4470,,,No
4471,,,No
4472,,,No
4473,,,No
4474,,,No
4475,,,No
4476,,,No
4477,,,No
4478,,,No
4479,,,No
4480,,,No
4481,,,No
4482,,,No
4483,,,No
4484,,,No
4485,,,No
4486,,,No
4487,,,No
4488,,,No
4489,,,No
4490,,,No
4491,,,No
4492,,,No
4493,,,No
4494,,,No
4495,,,No
4496,,,No
4497,,,No
4498,,,No
4499,,,No
4500,,,No
4501,,,No
4502,,,No
4503,,,No
4504,,,No
4505,,,No
4506,,,No
4507,,,No
4508,,,No
4509,,,No
4510,,,No
4511,,,No
4512,,,No
4513,,,No
4514,,,No
4515,,,No
4516,,,No
4517,,,No
4518,,,No
4519,,,No
4520,,,No
4521,,,No
4522,,,No
4523,,,No
4524,,,No
4525,,,No
4526,,,No
4527,,,No
4528,,,No
4529,,,No
4530,,,No
4531,,,No
4532,,,No
4533,,,No
4534,,,No
4535,,,No
4536,,,No
4537,,,No
4538,,,No
4539,,,No
4540,,,No
4541,,,No
4542,,,No
4543,,,No
4544,,,No
4545,,,No
4546,,,No
4547,,,No
4548,,,No
4549,,,No
4550,,,No
4551,,,No
4552,,,No
4553,,,No
4554,,,No
4555,,,No
4556,,,No
4557,,,No
4558,,,No
4559,,,No
4560,,,No
4561,,,No
4562,,,No
4563,,,No
4564,,,No
4565,,,No
4566,,,No
4567,,,No
4568,,,No
4569,,,No
4570,,,No
4571,,,No
4572,,,No
4573,,,No
4574,,,No
4575,,,No
4576,,,No
4577,,,No
4578,,,No
4579,,,No
4580,,,T20 (T3 - A1)
4581,,,No
4582,,,No
4583,,,No
4584,,,No
4585,,,No
4586,,,No
4587,,,No
4588,,,No
4589,,,No
4590,,,No
4591,,,No
4592,,,No
4593,,,No
4594,,,No
4595,,,No
4596,,,No
4597,,,No
4598,,,No
4599,,,No
4600,,,No
4601,,,No
4602,,,No
4603,,,No
4604,,,No
4605,,,No
4606,,,No
4607,,,No
4608,,,No
4609,,,No
4610,,,No
4611,,,No
4612,,,No
4613,,,No
4614,,,No
4615,,,No
4616,,,No
4617,,,No
4618,,,No
4619,,,No
4620,,,No
4621,,,No
4622,,,No
4623,,,No
4624,,,No
4625,,,No
4626,,,No
4627,,,No
4628,,,No
4629,,,No
4630,,,No
4631,,,No
4632,,,No
4633,,,No
4634,,,No
4635,,,No
4636,,,No
4637,,,No
4638,,,No
4639,,,No
4640,,,No
4641,,,No
4642,,,No
4643,,,No
4644,,,No
4645,,,No
4646,,,No
4647,,,No
4648,,,No
4649,,,No
4650,,,No
4651,,,No
4652,,,No
4653,,,No
4654,,,T20 (T3 - B1)
4655,,,No
4656,,,No
4657,,,No
4658,,,No
4659,,,No
4660,,,No
4661,,,No
4662,,,No
4663,,,No
4664,,,No
4665,,,No
4666,,,No
4667,,,No
4668,,,No
4669,,,No
4670,,,No
4671,,,No
4672,,,No
4673,,,No
4674,,,No
4675,,,No
4676,,,No
4677,,,No
4678,,,No
4679,,,No
4680,,,No
4681,,,No
4682,,,No
4683,,,No
4684,,,No
4685,,,No
4686,,,No
4687,,,No
4688,,,No
4689,,,No
4690,,,No
4691,,,No
4692,,,No
4693,,,No
4694,,,No
4695,,,No
4696,,,No
4697,,,No
4698,,,No
4699,,,No
4700,,,No
4701,,,No
4702,,,No
4703,,,No
4704,,,No
4705,,,No
4706,,,No
4707,,,No
4708,,,No
4709,,,No
4710,,,No
4711,,,No
4712,,,No
4713,,,No
4714,,,No
4715,,,No
4716,,,No
4717,,,No
4718,,,No
4719,,,No
4720,,,No
4721,,,No
4722,,,No
4723,,,No
4724,,,No
4725,,,No
4726,,,No
4727,,,No
4728,,,No
4729,,,No
4730,,,No
4731,,,No
4732,,,No
4733,,,No
4734,,,No
4735,,,No
4736,,,No
4737,,,No
4738,,,No
4739,,,No
4740,,,No
4741,,,No
4742,,,No
4743,,,No
4744,,,No
4745,,,No
4746,,,No
4747,,,No
4748,,,No
4749,,,No
4750,,,No
4751,,,No
4752,,,No
4753,,,No
4754,,,No
4755,,,No
4756,,,No
4757,,,No
4758,,,No
4759,,,No
4760,,,No
4761,,,No
4762,,,No
4763,,,No
4764,,,No
4765,,,No
4766,,,No
4767,,,No
4768,,,No
4769,,,No
4770,,,No
4771,,,No
4772,,,No
4773,,,No
4774,,,No
4775,,,No
4776,,,No
4777,,,No
4778,,,No
4779,,,No
4780,,,No
4781,,,No
4782,,,No
4783,,,No
4784,,,No
4785,,,No
4786,,,No
4787,,,No
4788,,,No
4789,,,No
4790,,,No
4791,,,No
4792,,,No
4793,,,No
4794,,,No
4795,,,No
4796,,,No
4797,,,No
4798,,,No
4799,,,No
4800,,,No
4801,,,No
4802,,,No
4803,,,No
4804,,,No
4805,,,No
4806,,,No
4807,,,No
4808,,,No
4809,,,No
4810,,,No
4811,,,No
4812,,,No
4813,,,No
4814,,,No
4815,,,No
4816,,,No
4817,,,No
4818,,,No
4819,,,No
4820,,,No
4821,,,No
4822,,,No
4823,,,No
4824,,,No
4825,,,No
4826,,,No
4827,,,No
4828,,,No
4829,,,No
4830,,,No
4831,,,No
4832,,,No
4833,,,No
4834,,,No
4835,,,No
4836,,,No
4837,,,No
4838,,,No
4839,,,No
4840,,,No
4841,,,No
4842,,,No
4843,,,No
4844,,,No
4845,,,No
4846,,,No
4847,,,No
4848,,,No
4849,,,No
4850,,,No
4851,,,No
4852,,,No
4853,,,No
4854,,,No
4855,,,No
4856,,,No
4857,,,No
4858,,,No
4859,,,No
4860,,,No
4861,,,No
4862,,,No
4863,,,No
4864,,,No
4865,,,No
4866,,,No
4867,,,No
4868,,,No
4869,,,No
4870,,,No
4871,,,No
4872,,,No
4873,,,No
4874,,,No
4875,,,No
4876,,,No
4877,,,No
4878,,,No
4879,,,No
4880,,,No
4881,,,No
4882,,,No
4883,,,No
4884,,,No
4885,,,No
4886,,,No
4887,,,No
4888,,,No
4889,,,No
4890,,,No
4891,,,No
4892,,,No
4893,,,No
4894,,,No
4895,,,No
4896,,,No
4897,,,No
4898,,,No
4899,,,No
4900,,,No
4901,,,No
4902,,,No
4903,,,No
4904,,,No
4905,,,No
4906,,,No
4907,,,No
4908,,,No
4909,,,No
4910,,,No
4911,,,No
4912,,,No
4913,,,No
4914,,,No
4915,,,No
4916,,,No
4917,,,No
4918,,,No
4919,,,No
4920,,,No
4921,,,No
4922,,,No
4923,,,No
4924,,,No
4925,,,No
4926,,,No
4927,,,No
4928,,,No
4929,,,No
4930,,,No
4931,,,No
4932,,,No
4933,,,No
4934,,,No
4935,,,No
4936,,,No
4937,,,No
4938,,,No
4939,,,No
4940,,,No
4941,,,No
4942,,,No
4943,,,No
4944,,,No
4945,,,No
4946,,,No
4947,,,No
4948,,,No
4949,,,No
4950,,,No
4951,,,No
4952,,,T20
4953,,,No
4954,,,No
4955,,,No
4956,,,No
4957,,,No
4958,,,No
4959,,,No
4960,,,No
4961,,,No
4962,,,No
4963,,,No
4964,,,No
4965,,,No
4966,,,No
4967,,,No
4968,,,No
4969,,,No
4970,,,No
4971,,,No
4972,,,No
4973,,,No
4974,,,No
4975,,,No
4976,,,No
4977,,,No
4978,,,No
4979,,,No
4980,,,No
4981,,,No
4982,,,No
4983,,,No
4984,,,No
4985,,,No
4986,,,No
4987,,,No
4988,,,No
4989,,,No
4990,,,No
4991,,,No
4992,,,No
4993,,,No
4994,,,No
4995,,,No
4996,,,No
4997,,,No
4998,,,No
4999,,,No
5000,,,No
5001,,,No
5002,,,No
5003,,,No
5004,,,No
5005,,,No
5006,,,No
5007,,,No
5008,,,No
5009,,,No
5010,,,No
5011,,,No
5012,,,No
5013,,,No
5014,,,No
5015,,,No
5016,,,No
5017,,,No
5018,,,No
5019,,,No
5020,,,No
5021,,,No
5022,,,No
5023,,,No
5024,,,No
5025,,,No
5026,,,No
5027,,,No
5028,,,No
5029,,,No
5030,,,No
5031,,,No
5032,,,No
5033,,,No
5034,,,No
5035,,,No
5036,,,No
5037,,,No
5038,,,No
5039,,,No
5040,,,No
5041,,,No
5042,,,No
5043,,,No
5044,,,No
5045,,,No
5046,,,No
5047,,,No
5048,,,No
5049,,,No
5050,,,No
5051,,,No
5052,,,No
5053,,,No
5054,,,No
5055,,,No
5056,,,No
5057,,,No
5058,,,No
5059,,,No
5060,,,No
5061,,,No
5062,,,No
5063,,,No
5064,,,No
5065,,,No
5066,,,No
5067,,,No
5068,,,No
5069,,,No
5070,,,No
5071,,,No
5072,,,No
5073,,,No
5074,,,No
5075,,,No
5076,,,No
5077,,,No
5078,,,No
5079,,,No
5080,,,No
5081,,,No
5082,,,No
5083,,,No
5084,,,No
5085,,,No
5086,,,No
5087,,,No
5088,,,No
5089,,,No
5090,,,No
5091,,,No
5092,,,No
5093,,,No
5094,,,No
5095,,,No
5096,,,No
5097,,,No
5098,,,No
5099,,,No
5100,,,No
5101,,,No
5102,,,No
5103,,,No
5104,,,No
5105,,,No
5106,,,T20
5107,,,No
5108,,,No
5109,,,No
5110,,,No
5111,,,No
5112,,,No
5113,,,No
5114,,,No
5115,,,No
5116,,,No
5117,,,No
5118,,,No
5119,,,No
5120,,,No
5121,,,No
5122,,,No
5123,,,No
5124,,,No
5125,,,No
5126,,,No
5127,,,No
5128,,,No
5129,,,No
5130,,,No
5131,,,No
5132,,,No
5133,,,No
5134,,,No
5135,,,No
5136,,,No
5137,,,No
5138,,,No
5139,,,No
5140,,,No
5141,,,No
5142,,,No
5143,,,No
5144,,,No
5145,,,No
5146,,,No
5147,,,No
5148,,,No
5149,,,No
5150,,,No
5151,,,No
5152,,,No
5153,,,No
5154,,,No
5155,,,No
5156,,,No
5157,,,No
5158,,,No
5159,,,No
5160,,,No
5161,,,No
5162,,,No
5163,,,No
5164,,,No
5165,,,No
5166,,,No
5167,,,No
5168,,,No
5169,,,No
5170,,,No
5171,,,No
5172,,,No
5173,,,No
5174,,,No
5175,,,No
5176,,,No
5177,,,No
5178,,,No
5179,,,No
5180,,,No
5181,,,No
5182,,,No
5183,,,No
5184,,,No
5185,,,No
5186,,,No
5187,,,No
5188,,,No
5189,,,No
5190,,,No
5191,,,No
5192,,,No
5193,,,No
5194,,,No
5195,,,No
5196,,,No
5197,,,No
5198,,,No
5199,,,No
5200,,,No
5201,,,No
5202,,,No
5203,,,No
5204,,,No
5205,,,No
5206,,,No
5207,,,No
5208,,,No
5209,,,No
5210,,,No
5211,,,No
5212,,,No
5213,,,No
5214,,,No
5215,,,No
5216,,,No
5217,,,No
5218,,,No
5219,,,No
5220,,,No
5221,,,No
5222,,,No
5223,,,No
5224,,,No
5225,,,No
5226,,,No
5227,,,No
5228,,,No
5229,,,No
5230,,,No
5231,,,No
5232,,,No
5233,,,No
5234,,,No
5235,,,No
5236,,,No
5237,,,No
5238,,,No
5239,,,No
5240,,,No
5241,,,No
5242,,,No
5243,,,No
5244,,,No
5245,,,No
5246,,,No
5247,,,No
5248,,,No
5249,,,No
5250,,,No
5251,,,No
5252,,,No
5253,,,No
5254,,,No
5255,,,No
5256,,,No
5257,,,No
5258,,,No
5259,,,No
5260,,,No
5261,,,No
5262,,,No
5263,,,No
5264,,,No
5265,,,No
5266,,,No
5267,,,No
5268,,,No
5269,,,No
5270,,,No
5271,,,No
5272,,,No
5273,,,No
5274,,,No
5275,,,No
5276,,,No
5277,,,No
5278,,,No
5279,,,No
5280,,,No
5281,,,No
5282,,,No
5283,,,No
5284,,,No
5285,,,No
5286,,,No
5287,,,No
5288,,,No
5289,,,No
5290,,,No
5291,,,No
5292,,,No
5293,,,No
5294,,,No
5295,,,No
5296,,,No
5297,,,No
5298,,,No
5299,,,No
5300,,,No
5301,,,No
5302,,,No
5303,,,No
5304,,,No
5305,,,No
5306,,,No
5307,,,No
5308,,,No
5309,,,No
5310,,,No
5311,,,No
5312,,,No
5313,,,No
5314,,,No
5315,,,No
5316,,,No
5317,,,No
5318,,,No
5319,,,No
5320,,,No
5321,,,No
5322,,,No
5323,,,No
5324,,,No
5325,,,No
5326,,,No
5327,,,No
5328,,,No
5329,,,No
5330,,,No
5331,,,No
5332,,,No
5333,,,No
5334,,,No
5335,,,No
5336,,,No
5337,,,No
5338,,,No
5339,,,No
5340,,,No
5341,,,No
5342,,,No
5343,,,No
5344,,,No
5345,,,No
5346,,,No
5347,,,No
5348,,,No
5349,,,No
5350,,,No
5351,,,No
5352,,,No
5353,,,No
5354,,,No
5355,,,No
5356,,,No
5357,,,No
5358,,,No
5359,,,No
5360,,,No
5361,,,No
5362,,,No
5363,,,No
5364,,,No
5365,,,No
5366,,,No
5367,,,No
5368,,,No
5369,,,No
5370,,,No
5371,,,No
5372,,,No
5373,,,No
5374,,,No
5375,,,No
5376,,,No
5377,,,No
5378,,,No
5379,,,No
5380,,,No
5381,,,No
5382,,,No
5383,,,No
5384,,,No
5385,,,No
5386,,,No
5387,,,No
5388,,,No
5389,,,No
5390,,,No
5391,,,No
5392,,,No
5393,,,No
5394,,,No
5395,,,No
5396,,,No
5397,,,No
5398,,,No
5399,,,No
5400,,,No
5401,,,No
5402,,,No
5403,,,No
5404,,,No
5405,,,No
5406,,,T20
5407,,,No
5408,,,No
5409,,,No
5410,,,No
5411,,,No
5412,,,No
5413,,,No
5414,,,No
5415,,,No
5416,,,No
5417,,,No
5418,,,No
5419,,,No
5420,,,No
5421,,,No
5422,,,No
5423,,,No
5424,,,No
5425,,,No
5426,,,No
5427,,,No
5428,,,No
5429,,,No
5430,,,No
5431,,,No
5432,,,No
5433,,,No
5434,,,No
5435,,,No
5436,,,No
5437,,,No
5438,,,No
5439,,,No
5440,,,No
5441,,,No
5442,,,No
5443,,,No
5444,,,No
5445,,,No
5446,,,No
5447,,,No
5448,,,No
5449,,,No
5450,,,No
5451,,,No
5452,,,No
5453,,,No
5454,,,No
5455,,,No
5456,,,No
5457,,,No
5458,,,No
5459,,,No
5460,,,No
5461,,,No
5462,,,No
5463,,,No
5464,,,No
5465,,,No
5466,,,No
5467,,,No
5468,,,No
5469,,,No
5470,,,No
5471,,,No
5472,,,No
5473,,,No
5474,,,No
5475,,,No
5476,,,No
5477,,,No
5478,,,No
5479,,,No
5480,,,No
5481,,,No
5482,,,No
5483,,,No
5484,,,No
5485,,,No
5486,,,No
5487,,,No
5488,,,No
5489,,,No
5490,,,No
5491,,,No
5492,,,No
5493,,,No
5494,,,No
5495,,,No
5496,,,No
5497,,,No
5498,,,No
5499,,,No
5500,,,No
5501,,,No
5502,,,No
5503,,,No
5504,,,No
5505,,,No
5506,,,No
5507,,,No
5508,,,No
5509,,,No
5510,,,No
5511,,,No
5512,,,No
5513,,,No
5514,,,No
5515,,,No
5516,,,No
5517,,,No
5518,,,No
5519,,,No
5520,,,No
5521,,,No
5522,,,No
5523,,,No
5524,,,No
5525,,,No
5526,,,No
5527,,,No
5528,,,No
5529,,,No
5530,,,No
5531,,,No
5532,,,No
5533,,,No
5534,,,No
5535,,,No
5536,,,No
5537,,,No
5538,,,No
5539,,,No
5540,,,No
5541,,,No
5542,,,No
5543,,,No
5544,,,No
5545,,,No
5546,,,No
5547,,,No
5548,,,No
5549,,,No
5550,,,No
5551,,,No
5552,,,No
5553,,,No
5554,,,No
5555,,,No
5556,,,No
5557,,,No
5558,,,No
5559,,,No
5560,,,No
5561,,,No
5562,,,No
5563,,,No
5564,,,No
5565,,,No
5566,,,No
5567,,,No
5568,,,No
5569,,,No
5570,,,No
5571,,,No
5572,,,No
5573,,,No
5574,,,No
5575,,,No
5576,,,No
5577,,,No
5578,,,No
5579,,,No
5580,,,No
5581,,,No
5582,,,No
5583,,,No
5584,,,No
5585,,,No
5586,,,No
5587,,,No
5588,,,No
5589,,,No
5590,,,No
5591,,,No
5592,,,No
5593,,,No
5594,,,No
5595,,,No
5596,,,No
5597,,,No
5598,,,No
5599,,,No
5600,,,No
5601,,,No
5602,,,No
5603,,,No
5604,,,No
5605,,,No
5606,,,No
5607,,,No
5608,,,No
5609,,,No
5610,,,No
5611,,,No
5612,,,No
5613,,,No
5614,,,No
5615,,,No
5616,,,No
5617,,,No
5618,,,No
5619,,,No
5620,,,No
5621,,,No
5622,,,No
5623,,,No
5624,,,No
5625,,,No
5626,,,No
5627,,,No
5628,,,No
5629,,,No
5630,,,No
5631,,,No
5632,,,No
5633,,,No
5634,,,No
5635,,,No
5636,,,No
5637,,,No
5638,,,No
5639,,,No
5640,,,No
5641,,,No
5642,,,No
5643,,,No
5644,,,No
5645,,,No
5646,,,No
5647,,,No
5648,,,No
5649,,,No
5650,,,No
5651,,,No
5652,,,No
5653,,,No
5654,,,No
5655,,,No
5656,,,No
5657,,,No
5658,,,No
5659,,,No
5660,,,No
5661,,,No
5662,,,No
5663,,,No
5664,,,No
5665,,,No
5666,,,No
5667,,,No
5668,,,No
5669,,,No
5670,,,No
5671,,,No
5672,,,No
5673,,,No
5674,,,No
5675,,,No
5676,,,No
5677,,,No
5678,,,No
5679,,,No
5680,,,No
5681,,,No
5682,,,No
5683,,,No
5684,,,No
5685,,,No
5686,,,No
5687,,,No
5688,,,No
5689,,,No
5690,,,No
5691,,,No
5692,,,No
5693,,,No
5694,,,No
5695,,,No
5696,,,No
5697,,,No
5698,,,No
5699,,,No
5700,,,No
5701,,,No
5702,,,No
5703,,,No
5704,,,No
5705,,,No
5706,,,No
5707,,,No
5708,,,No
5709,,,No
5710,,,No
5711,,,No
5712,,,No
5713,,,No
5714,,,No
5715,,,No
5716,,,No
5717,,,No
5718,,,No
5719,,,No
5720,,,No
5721,,,No
5722,,,No
5723,,,No
5724,,,No
5725,,,No
5726,,,No
5727,,,No
5728,,,No
5729,,,No
5730,,,No
5731,,,No
5732,,,No
5733,,,No
5734,,,No
5735,,,No
5736,,,No
5737,,,No
5738,,,No
5739,,,No
5740,,,No
5741,,,No
5742,,,No
5743,,,No
5744,,,No
5745,,,No
5746,,,No
5747,,,No
5748,,,No
5749,,,No
5750,,,No
5751,,,No
5752,,,No
5753,,,No
5754,,,No
5755,,,No
5756,,,No
5757,,,No
5758,,,No
5759,,,No
5760,,,No
5761,,,No
5762,,,No
5763,,,No
5764,,,No
5765,,,No
5766,,,No
5767,,,No
5768,,,No
5769,,,No
5770,,,No
5771,,,No
5772,,,No
5773,,,No
5774,,,No
5775,,,No
5776,,,No
5777,,,No
5778,,,No
5779,,,No
5780,,,No
5781,,,No
5782,,,No
5783,,,No
5784,,,No
5785,,,No
5786,,,No
5787,,,No
5788,,,No
5789,,,No
5790,,,No
5791,,,No
5792,,,No
5793,,,No
5794,,,No
5795,,,No
5796,,,No
5797,,,No
5798,,,No
5799,,,No
5800,,,No
5801,,,No
5802,,,No
5803,,,No
5804,,,No
5805,,,No
5806,,,No
5807,,,No
5808,,,No
5809,,,No
5810,,,No
5811,,,No
5812,,,No
5813,,,No
5814,,,No
5815,,,No
5816,,,No
5817,,,No
5818,,,No
5819,,,No
5820,,,No
5821,,,No
5822,,,No
5823,,,No
5824,,,No
5825,,,No
5826,,,No
5827,,,No
5828,,,No
5829,,,No
5830,,,No
5831,,,No
5832,,,No
5833,,,No
5834,,,No
5835,,,No
5836,,,No
5837,,,No
5838,,,No
5839,,,No
5840,,,No
5841,,,No
5842,,,No
5843,,,No
5844,,,No
5845,,,No
5846,,,No
5847,,,No
5848,,,No
5849,,,No
5850,,,No
5851,,,No
5852,,,No
5853,,,No
5854,,,No
5855,,,No
5856,,,No
5857,,,No
5858,,,No
5859,,,No
5860,,,No
5861,,,No
5862,,,No
5863,,,No
5864,,,No
5865,,,No
5866,,,No
5867,,,No
5868,,,No
5869,,,No
5870,,,No
5871,,,No
5872,,,No
5873,,,No
5874,,,No
5875,,,No
5876,,,No
5877,,,No
5878,,,No
5879,,,No
5880,,,No
5881,,,No
5882,,,No
5883,,,No
5884,,,No
5885,,,No
5886,,,No
5887,,,No
5888,,,No
5889,,,No
5890,,,No
5891,,,No
5892,,,No
5893,,,No
5894,,,No
5895,,,No
5896,,,No
5897,,,No
5898,,,No
5899,,,No
5900,,,No
5901,,,No
5902,,,No
5903,,,No
5904,,,No
5905,,,No
5906,,,No
5907,,,No
5908,,,No
5909,,,No
5910,,,No
5911,,,No
5912,,,No
5913,,,No
5914,,,No
5915,,,No
5916,,,No
5917,,,No
5918,,,No
5919,,,No
5920,,,No
5921,,,No
5922,,,No
5923,,,No
5924,,,No
5925,,,No
5926,,,No
5927,,,No
5928,,,No
5929,,,No
5930,,,No
5931,,,No
5932,,,No
5933,,,No
5934,,,No
5935,,,No
5936,,,No
5937,,,No
5938,,,No
5939,,,No
5940,,,No
5941,,,No
5942,,,No
5943,,,No
5944,,,No
5945,,,No
5946,,,No
5947,,,No
5948,,,No
5949,,,No
5950,,,No
5951,,,No
5952,,,No
5953,,,No
5954,,,No
5955,,,No
5956,,,No
5957,,,No
5958,,,No
5959,,,No
5960,,,No
5961,,,No
5962,,,No
5963,,,No
5964,,,No
5965,,,No
5966,,,No
5967,,,No
5968,,,No
5969,,,No
5970,,,No
5971,,,No
5972,,,No
5973,,,No
5974,,,No
5975,,,No
5976,,,No
5977,,,No
5978,,,No
5979,,,No
5980,,,No
5981,,,No
5982,,,No
5983,,,No
5984,,,No
5985,,,No
5986,,,No
5987,,,No
5988,,,No
5989,,,No
5990,,,No
5991,,,No
5992,,,No
5993,,,No
5994,,,No
5995,,,No
5996,,,No
5997,,,No
5998,,,No
5999,,,No
6000,,,No
6001,,,No
6002,,,No
6003,,,No
6004,,,No
6005,,,No
6006,,,No
6007,,,No
6008,,,No
6009,,,No
6010,,,No
6011,,,No
6012,,,No
6013,,,No
6014,,,No
6015,,,No
6016,,,No
6017,,,No
6018,,,No
6019,,,No
6020,,,No
6021,,,No
6022,,,No
6023,,,No
6024,,,No
6025,,,No
6026,,,No
6027,,,No
6028,,,No
6029,,,No
6030,,,No
6031,,,No
6032,,,No
6033,,,No
6034,,,No
6035,,,No
6036,,,No
6037,,,No
6038,,,No
6039,,,No
6040,,,No
6041,,,No
6042,,,No
6043,,,No
6044,,,No
6045,,,No
6046,,,No
6047,,,No
6048,,,No
6049,,,No
6050,,,No
6051,,,No
6052,,,No
6053,,,No
6054,,,No
6055,,,No
6056,,,No
6057,,,No
6058,,,No
6059,,,No
6060,,,No
6061,,,No
6062,,,No
6063,,,No
6064,,,No
6065,,,No
6066,,,No
6067,,,No
6068,,,No
6069,,,No
6070,,,No
6071,,,No
6072,,,No
6073,,,No
6074,,,No
6075,,,No
6076,,,No
6077,,,No
6078,,,No
6079,,,No
6080,,,No
6081,,,No
6082,,,No
6083,,,No
6084,,,No
6085,,,No
6086,,,No
6087,,,No
6088,,,No
6089,,,No
6090,,,No
6091,,,No
6092,,,No
6093,,,No
6094,,,No
6095,,,No
6096,,,No
6097,,,No
6098,,,No
6099,,,No
6100,,,No
6101,,,No
6102,,,No
6103,,,No
6104,,,No
6105,,,No
6106,,,No
6107,,,No
6108,,,No
6109,,,No
6110,,,No
6111,,,No
6112,,,No
6113,,,No
6114,,,No
6115,,,No
6116,,,No
6117,,,No
6118,,,No
6119,,,No
6120,,,No
6121,,,No
6122,,,No
6123,,,No
6124,,,No
6125,,,No
6126,,,No
6127,,,No
6128,,,No
6129,,,No
6130,,,No
6131,,,No
6132,,,No
6133,,,No
6134,,,No
6135,,,No
6136,,,No
6137,,,No
6138,,,No
6139,,,No
6140,,,No
6141,,,No
6142,,,No
6143,,,No
6144,,,No
6145,,,No
6146,,,No
6147,,,No
6148,,,No
6149,,,No
6150,,,No
6151,,,No
6152,,,No
6153,,,No
6154,,,No
6155,,,No
6156,,,No
6157,,,No
6158,,,No
6159,,,No
6160,,,No
6161,,,No
6162,,,No
6163,,,No
6164,,,No
6165,,,No
6166,,,No
6167,,,No
6168,,,No
6169,,,No
6170,,,No
6171,,,No
6172,,,No
6173,,,No
6174,,,No
6175,,,No
6176,,,No
6177,,,No
6178,,,No
6179,,,No
6180,,,No
6181,,,No
6182,,,No
6183,,,No
6184,,,No
6185,,,No
6186,,,No
6187,,,No
6188,,,No
6189,,,No
6190,,,No
6191,,,No
6192,,,No
6193,,,No
6194,,,No
6195,,,No
6196,,,No
6197,,,No
6198,,,No
6199,,,No
6200,,,No
6201,,,No
6202,,,No
6203,,,No
6204,,,No
6205,,,No
6206,,,No
6207,,,No
6208,,,No
6209,,,No
6210,,,No
6211,,,No
6212,,,No
6213,,,No
6214,,,No
6215,,,No
6216,,,No
6217,,,No
6218,,,No
6219,,,No
6220,,,No
6221,,,No
6222,,,No
6223,,,No
6224,,,No
6225,,,No
6226,,,No
6227,,,No
6228,,,No
6229,,,No
6230,,,No
6231,,,No
6232,,,No
6233,,,No
6234,,,No
6235,,,No
6236,,,No
6237,,,No
6238,,,No
6239,,,No
6240,,,No
6241,,,No
6242,,,No
6243,,,No
6244,,,No
6245,,,No
6246,,,No
6247,,,No
6248,,,No
6249,,,No
6250,,,No
6251,,,No
6252,,,No
6253,,,No
6254,,,No
6255,,,No
6256,,,No
6257,,,No
6258,,,No
6259,,,No
6260,,,No
6261,,,No
6262,,,No
6263,,,No
6264,,,No
6265,,,No
6266,,,No
6267,,,No
6268,,,No
6269,,,No
6270,,,No
6271,,,No
6272,,,No
6273,,,No
6274,,,No
6275,,,No
6276,,,No
6277,,,No
6278,,,No
6279,,,No
6280,,,No
6281,,,No
6282,,,No
6283,,,No
6284,,,No
6285,,,No
6286,,,No
6287,,,No
6288,,,No
6289,,,No
6290,,,No
6291,,,No
6292,,,No
6293,,,No
6294,,,No
6295,,,No
6296,,,No
6297,,,No
6298,,,No
6299,,,No
6300,,,No
6301,,,No
6302,,,No
6303,,,No
6304,,,No
6305,,,No
6306,,,No
6307,,,No
6308,,,No
6309,,,No
6310,,,No
6311,,,No
6312,,,No
6313,,,No
6314,,,No
6315,,,No
6316,,,No
6317,,,No
6318,,,No
6319,,,No
6320,,,No
6321,,,No
6322,,,No
6323,,,No
6324,,,No
6325,,,No
6326,,,No
6327,,,No
6328,,,No
6329,,,No
6330,,,No
6331,,,No
6332,,,No
6333,,,No
6334,,,No
6335,,,No
6336,,,No
6337,,,No
6338,,,No
6339,,,No
6340,,,No
6341,,,No
6342,,,No
6343,,,No
6344,,,No
6345,,,No
6346,,,No
6347,,,No
6348,,,No
6349,,,No
6350,,,No
6351,,,No
6352,,,No
6353,,,No
6354,,,No
6355,,,No
6356,,,No
6357,,,No
6358,,,No
6359,,,No
6360,,,No
6361,,,No
6362,,,No
6363,,,No
6364,,,No
6365,,,No
6366,,,No
6367,,,No
6368,,,No
6369,,,No
6370,,,No
6371,,,No
6372,,,No
6373,,,No
6374,,,No
6375,,,No
6376,,,No
6377,,,No
6378,,,No
6379,,,No
6380,,,No
6381,,,No
6382,,,No
6383,,,No
6384,,,No
6385,,,No
6386,,,No
6387,,,No
6388,,,No
6389,,,No
6390,,,No
6391,,,No
6392,,,No
6393,,,No
6394,,,No
6395,,,No
6396,,,No
6397,,,No
6398,,,No
6399,,,No
6400,,,No
6401,,,No
6402,,,No
6403,,,No
6404,,,No
6405,,,No
6406,,,No
6407,,,No
6408,,,No
6409,,,No
6410,,,No
6411,,,No
6412,,,No
6413,,,No
6414,,,No
6415,,,No
6416,,,No
6417,,,No
6418,,,No
6419,,,T20
6420,,,No
6421,,,No
6422,,,No
6423,,,No
6424,,,No
6425,,,No
6426,,,No
6427,,,No
6428,,,No
6429,,,No
6430,,,No
6431,,,No
6432,,,No
6433,,,No
6434,,,No
6435,,,No
6436,,,No
6437,,,No
6438,,,No
6439,,,No
6440,,,No
6441,,,No
6442,,,No
6443,,,No
6444,,,No
6445,,,No
6446,,,T20 (T3 - A1)
6447,,,T20
6448,,,T20
6449,,,T20 (T3 - B2)
6450,,,No
6451,,,T20 (T3 - B3)
6452,,,T20
6453,,,No
6454,,,T20
6455,,,No
6456,,,T20
6457,,,No
6458,,,T20
6459,,,No
6460,,,No
6461,,,T20
6462,,,No
6463,,,No
6464,,,No
6465,,,No
6466,,,No
6467,,,No
6468,,,No
6469,,,T20
6470,,,No
6471,,,No
6472,,,No
6473,,,No
6474,,,No
6475,,,No
6476,,,No
6477,,,T20
6478,,,No
6479,,,No
6480,,,No
6481,,,No
6482,,,No
6483,,,No
6484,,,No
6485,,,No
6486,,,No
6487,,,No
6488,,,No
6489,,,No
6490,,,No
6491,,,No
6492,,,No
6493,,,No
6494,,,No
6495,,,No
6496,,,No
6497,,,No
6498,,,No
6499,,,No
6500,,,No
6501,,,No
6502,,,No
6503,,,No
6504,,,No
6505,,,No
6506,,,No
6507,,,No
6508,,,No
6509,,,No
6510,,,No
6511,,,No
6512,,,No
6513,,,No
6514,,,No
6515,,,No
6516,,,No
6517,,,No
6518,,,No
6519,,,No
6520,,,No
6521,,,No
6522,,,No
6523,,,No
6524,,,No
6525,,,No
6526,,,No
6527,,,No
6528,,,No
6529,,,No
6530,,,No
6531,,,No
6532,,,No
6533,,,No
6534,,,No
6535,,,No
6536,,,No
6537,,,No
6538,,,No
6539,,,No
6540,,,No
6541,,,No
6542,,,No
6543,,,No
6544,,,No
6545,,,No
6546,,,No
6547,,,No
6548,,,No
6549,,,No
6550,,,No
6551,,,No
6552,,,No
6553,,,No
6554,,,No
6555,,,No
6556,,,No
6557,,,No
6558,,,No
6559,,,No
6560,,,No
6561,,,No
6562,,,No
6563,,,No
6564,,,No
6565,,,No
6566,,,No
6567,,,No
6568,,,No
6569,,,No
6570,,,No
6571,,,No
6572,,,No
6573,,,No
6574,,,No
6575,,,No
6576,,,No
6577,,,No
6578,,,No
6579,,,No
6580,,,No
6581,,,No
6582,,,No
6583,,,No
6584,,,No
6585,,,No
6586,,,No
6587,,,No
6588,,,No
6589,,,No
6590,,,No
6591,,,No
6592,,,No
6593,,,No
6594,,,No
6595,,,No
6596,,,No
6597,,,No
6598,,,No
6599,,,No
6600,,,No
6601,,,No
6602,,,No
6603,,,No
6604,,,No
6605,,,No
6606,,,No
6607,,,No
6608,,,No
6609,,,No
6610,,,No
6611,,,No
6612,,,No
6613,,,No
6614,,,No
6615,,,No
6616,,,No
6617,,,No
6618,,,No
6619,,,No
6620,,,No
6621,,,No
6622,,,No
6623,,,No
6624,,,No
6625,,,No
6626,,,No
6627,,,No
6628,,,No
6629,,,No
6630,,,No
6631,,,No
6632,,,No
6633,,,No
6634,,,No
6635,,,No
6636,,,No
6637,,,No
6638,,,No
6639,,,No
6640,,,No
6641,,,No
6642,,,No
6643,,,No
6644,,,No
6645,,,No
6646,,,No
6647,,,No
6648,,,No
6649,,,No
6650,,,No
6651,,,No
6652,,,No
6653,,,No
6654,,,No
6655,,,No
6656,,,No
6657,,,No
6658,,,No
6659,,,No
6660,,,No
6661,,,No
6662,,,No
6663,,,No
6664,,,No
6665,,,No
6666,,,No
6667,,,No
6668,,,No
6669,,,No
6670,,,No
6671,,,No
6672,,,No
6673,,,No
6674,,,No
6675,,,No
6676,,,No
6677,,,No
6678,,,No
6679,,,No
6680,,,No
6681,,,No
6682,,,No
6683,,,No
6684,,,No
6685,,,No
6686,,,No
6687,,,No
6688,,,No
6689,,,No
6690,,,No
6691,,,No
6692,,,No
6693,,,No
6694,,,No
6695,,,No
6696,,,No
6697,,,No
6698,,,No
6699,,,No
6700,,,No
6701,,,No
6702,,,No
6703,,,No
6704,,,No
6705,,,No
6706,,,No
6707,,,No
6708,,,No
6709,,,No
6710,,,No
6711,,,No
6712,,,No
6713,,,No
6714,,,No
6715,,,No
6716,,,No
6717,,,No
6718,,,No
6719,,,No
6720,,,No
6721,,,No
6722,,,No
6723,,,No
6724,,,No
6725,,,No
6726,,,No
6727,,,No
6728,,,No
6729,,,No
6730,,,No
6731,,,No
6732,,,No
6733,,,No
6734,,,No
6735,,,No
6736,,,No
6737,,,T20 (T3 - C2)
6738,,,T20
6739,,,No
6740,,,No
6741,,,No
6742,,,T20
6743,,,No
6744,,,No
6745,,,No
6746,,,No
6747,,,No
6748,,,No
6749,,,No
6750,,,No
6751,,,No
6752,,,No
6753,,,No
6754,,,No
6755,,,No
6756,,,No
6757,,,No
6758,,,No
6759,,,No
6760,,,No
6761,,,No
6762,,,No
6763,,,No
6764,,,No
6765,,,No
6766,,,No
6767,,,No
6768,,,T20
6769,,,No
6770,,,No
6771,,,No
6772,,,No
6773,,,No
6774,,,No
6775,,,No
6776,,,No
6777,,,No
6778,,,No
6779,,,No
6780,,,No
6781,,,No
6782,,,No
6783,,,No
6784,,,No
6785,,,No
6786,,,No
6787,,,No
6788,,,No
6789,,,No
6790,,,No
6791,,,No
6792,,,No
6793,,,No
6794,,,No
6795,,,No
6796,,,No
6797,,,No
6798,,,No
6799,,,No
6800,,,No
6801,,,No
6802,,,No
6803,,,No
6804,,,No
6805,,,No
6806,,,No
6807,,,No
6808,,,No
6809,,,No
6810,,,No
6811,,,No
6812,,,No
6813,,,No
6814,,,No
6815,,,No
6816,,,No
6817,,,No
6818,,,No
6819,,,No
6820,,,No
6821,,,No
6822,,,No
6823,,,No
6824,,,No
6825,,,No
6826,,,No
6827,,,No
6828,,,No
6829,,,No
6830,,,No
6831,,,No
6832,,,No
6833,,,No
6834,,,No
6835,,,No
6836,,,No
6837,,,No
6838,,,No
6839,,,No
6840,,,No
6841,,,No
6842,,,No
6843,,,No
6844,,,No
6845,,,No
6846,,,No
6847,,,No
6848,,,No
6849,,,No
6850,,,No
6851,,,No
6852,,,No
6853,,,No
6854,,,No
6855,,,No
6856,,,No
6857,,,No
6858,,,No
6859,,,No
6860,,,No
6861,,,No
6862,,,No
6863,,,No
6864,,,No
6865,,,No
6866,,,No
6867,,,No
6868,,,No
6869,,,No
6870,,,No
6871,,,No
6872,,,No
6873,,,No
6874,,,No
6875,,,No
6876,,,No
6877,,,No
6878,,,No
6879,,,No
6880,,,No
6881,,,No
6882,,,No
6883,,,No
6884,,,No
6885,,,No
6886,,,No
6887,,,No
6888,,,No
6889,,,No
6890,,,No
6891,,,No
6892,,,No
6893,,,No
6894,,,No
6895,,,No
6896,,,No
6897,,,No
6898,,,No
6899,,,No
6900,,,No
6901,,,No
6902,,,No
6903,,,No
6904,,,No
6905,,,No
6906,,,No
6907,,,No
6908,,,No
6909,,,No
6910,,,No
6911,,,No
6912,,,No
6913,,,No
6914,,,No
6915,,,No
6916,,,No
6917,,,No
6918,,,No
6919,,,No
6920,,,No
6921,,,No
6922,,,No
6923,,,No
6924,,,No
6925,,,No
6926,,,No
6927,,,No
6928,,,No
6929,,,No
6930,,,No
6931,,,No
6932,,,No
6933,,,No
6934,,,No
6935,,,No
6936,,,No
6937,,,No
6938,,,No
6939,,,No
6940,,,T20
6941,,,T20
6942,,,T20
6943,,,No
6944,,,No
6945,,,No
6946,,,T20
6947,,,No
6948,,,No
6949,,,No
6950,,,No
6951,,,No
6952,,,No
6953,,,No
6954,,,No
6955,,,No
6956,,,No
6957,,,No
6958,,,No
6959,,,No
6960,,,No
6961,,,No
6962,,,No
6963,,,No
6964,,,No
6965,,,No
6966,,,No
6967,,,No
6968,,,No
6969,,,No
6970,,,No
6971,,,No
6972,,,No
6973,,,No
6974,,,No
6975,,,No
6976,,,No
6977,,,No
6978,,,No
6979,,,No
6980,,,No
6981,,,No
6982,,,No
6983,,,No
6984,,,No
6985,,,No
6986,,,No
6987,,,No
6988,,,No
6989,,,No
6990,,,No
6991,,,No
6992,,,No
6993,,,No
6994,,,No
6995,,,No
6996,,,No
6997,,,No
6998,,,No
6999,,,No
7000,,,No
7001,,,No
7002,,,No
7003,,,No
7004,,,No
7005,,,No
7006,,,No
7007,,,No
7008,,,No
7009,,,No
7010,,,No
7011,,,No
7012,,,No
7013,,,No
7014,,,No
7015,,,No
7016,,,No
7017,,,No
7018,,,No
7019,,,No
7020,,,No
7021,,,No
7022,,,No
7023,,,No
7024,,,No
7025,,,No
7026,,,No
7027,,,No
7028,,,No
7029,,,No
7030,,,No
7031,,,No
7032,,,No
7033,,,No
7034,,,No
7035,,,No
7036,,,No
7037,,,No
7038,,,No
7039,,,No
7040,,,No
7041,,,No
7042,,,No
7043,,,No
7044,,,No
7045,,,No
7046,,,No
7047,,,No
7048,,,No
7049,,,No
7050,,,No
7051,,,No
7052,,,No
7053,,,No
7054,,,No
7055,,,No
7056,,,No
7057,,,No
7058,,,No
7059,,,No
7060,,,No
7061,,,No
7062,,,No
7063,,,No
7064,,,No
7065,,,No
7066,,,No
7067,,,No
7068,,,No
7069,,,No
7070,,,No
7071,,,No
7072,,,No
7073,,,No
7074,,,No
7075,,,No
7076,,,No
7077,,,No
7078,,,No
7079,,,No
7080,,,No
7081,,,No
7082,,,No
7083,,,No
7084,,,No
7085,,,No
7086,,,No
7087,,,No
7088,,,No
7089,,,No
7090,,,No
7091,,,No
7092,,,No
7093,,,No
7094,,,No
7095,,,No
7096,,,No
7097,,,No
7098,,,No
7099,,,No
7100,,,T20
7101,,,No
7102,,,No
7103,,,No
7104,,,No
7105,,,No
7106,,,No
7107,,,No
7108,,,No
7109,,,No
7110,,,No
7111,,,No
7112,,,No
7113,,,No
7114,,,No
7115,,,No
7116,,,No
7117,,,No
7118,,,T20
7119,,,T20
7120,,,T20
7121,,,T20
7122,,,No
7123,,,T20
7124,,,T20
7125,,,T20
7126,,,No
7127,,,No
7128,,,No
7129,,,No
7130,,,No
7131,,,T20
7132,,,No
7133,,,No
7134,,,No
7135,,,No
7136,,,No
7137,,,No
7138,,,No
7139,,,No
7140,,,T20
7141,,,No
7142,,,No
7143,,,No
7144,,,No
7145,,,No
7146,,,No
7147,,,No
7148,,,No
7149,,,No
7150,,,No
7151,,,No
7152,,,No
7153,,,No
7154,,,No
7155,,,No
7156,,,No
7157,,,No
7158,,,No
7159,,,No
7160,,,No
7161,,,No
7162,,,No
7163,,,No
7164,,,No
7165,,,No
7166,,,No
7167,,,No
7168,,,No
7169,,,No
7170,,,No
7171,,,No
7172,,,No
7173,,,No
7174,,,No
7175,,,No
7176,,,No
7177,,,No
7178,,,No
7179,,,No
7180,,,No
7181,,,No
7182,,,No
7183,,,No
7184,,,No
7185,,,No
7186,,,No
7187,,,No
7188,,,No
7189,,,No
7190,,,No
7191,,,No
7192,,,No
7193,,,No
7194,,,No
7195,,,No
7196,,,No
7197,,,No
7198,,,T20
7199,,,No
7200,,,No
7201,,,No
7202,,,No
7203,,,No
7204,,,No
7205,,,No
7206,,,No
7207,,,No
7208,,,No
7209,,,No
7210,,,No
7211,,,No
7212,,,No
7213,,,No
7214,,,No
7215,,,No
7216,,,No
7217,,,No
7218,,,No
7219,,,No
7220,,,No
7221,,,No
7222,,,No
7223,,,No
7224,,,No
7225,,,No
7226,,,No
7227,,,No
7228,,,No
7229,,,No
7230,,,No
7231,,,No
7232,,,No
7233,,,No
7234,,,No
7235,,,No
7236,,,No
7237,,,No
7238,,,No
7239,,,No
7240,,,No
7241,,,No
7242,,,No
7243,,,No
7244,,,No
7245,,,No
7246,,,No
7247,,,No
7248,,,No
7249,,,No
7250,,,No
7251,,,No
7252,,,No
7253,,,No
7254,,,No
7255,,,No
7256,,,No
7257,,,No
7258,,,No
7259,,,No
7260,,,No
7261,,,No
7262,,,No
7263,,,No
7264,,,No
7265,,,No
7266,,,No
7267,,,No
7268,,,No
7269,,,No
7270,,,No
7271,,,No
7272,,,No
7273,,,T20
7274,,,T20
7275,,,T20
7276,,,T20
7277,,,No
7278,,,T20
7279,,,T20
7280,,,No
7281,,,No
7282,,,No
7283,,,No
7284,,,No
7285,,,No
7286,,,T20
7287,,,No
7288,,,No
7289,,,No
7290,,,No
7291,,,T20
7292,,,No
7293,,,No
7294,,,No
7295,,,No
7296,,,No
7297,,,No
7298,,,No
7299,,,No
7300,,,No
7301,,,No
7302,,,No
7303,,,No
7304,,,No
7305,,,No
7306,,,No
7307,,,No
7308,,,No
7309,,,No
7310,,,No
7311,,,No
7312,,,No
7313,,,No
7314,,,No
7315,,,No
7316,,,No
7317,,,No
7318,,,No
7319,,,No
7320,,,No
7321,,,No
7322,,,No
7323,,,No
7324,,,No
7325,,,No
7326,,,No
7327,,,No
7328,,,No
7329,,,No
7330,,,No
7331,,,No
7332,,,No
7333,,,No
7334,,,No
7335,,,No
7336,,,No
7337,,,No
7338,,,No
7339,,,No
7340,,,No
7341,,,No
7342,,,No
7343,,,No
7344,,,No
7345,,,No
7346,,,No
7347,,,No
7348,,,No
7349,,,No
7350,,,No
7351,,,No
7352,,,No
7353,,,No
7354,,,No
7355,,,No
7356,,,No
7357,,,No
7358,,,No
7359,,,No
7360,,,No
7361,,,No
7362,,,No
7363,,,No
7364,,,No
7365,,,No
7366,,,No
7367,,,No
7368,,,No
7369,,,No
7370,,,No
7371,,,No
7372,,,No
7373,,,No
7374,,,No
7375,,,No
7376,,,No
7377,,,No
7378,,,No
7379,,,No
7380,,,No
7381,,,No
7382,,,No
7383,,,No
7384,,,No
7385,,,No
7386,,,No
7387,,,No
7388,,,No
7389,,,No
7390,,,No
7391,,,No
7392,,,No
7393,,,No
7394,,,No
7395,,,No
7396,,,No
7397,,,No
7398,,,No
7399,,,No
7400,,,No
7401,,,No
7402,,,No
7403,,,No
7404,,,No
7405,,,No
7406,,,No
7407,,,No
7408,,,No
7409,,,No
7410,,,No
7411,,,No
7412,,,No
7413,,,No
7414,,,No
7415,,,No
7416,,,No
7417,,,No
7418,,,No
7419,,,No
7420,,,No
7421,,,No
7422,,,No
7423,,,No
7424,,,No
7425,,,No
7426,,,No
7427,,,No
7428,,,No
7429,,,No
7430,,,No
7431,,,No
7432,,,No
7433,,,No
7434,,,No
7435,,,No
7436,,,No
7437,,,No
7438,,,No
7439,,,No
7440,,,No
7441,,,No
7442,,,No
7443,,,No
7444,,,No
7445,,,No
7446,,,No
7447,,,No
7448,,,No
7449,,,No
7450,,,No
7451,,,No
7452,,,No
7453,,,No
7454,,,No
7455,,,No
7456,,,No
7457,,,No
7458,,,No
7459,,,No
7460,,,No
7461,,,No
7462,,,No
7463,,,No
7464,,,No
7465,,,No
7466,,,No
7467,,,No
7468,,,No
7469,,,No
7470,,,No
7471,,,No
7472,,,No
7473,,,No
7474,,,No
7475,,,No
7476,,,No
7477,,,No
7478,,,No
7479,,,No
7480,,,No
7481,,,No
7482,,,No
7483,,,No
7484,,,No
7485,,,No
7486,,,No
